incident_id,city,road_name,vehicle_type,accident_type,severity,weather_condition,road_condition,cause,driver_age,driver_gender,injury_count,damage_cost_php,latitude,longitude,datetime,hour,day_of_week,is_weekend,cost_category
MMTI-2025-0375,Pasig,Commonwealth Ave,Taxi,Rear-end,Major,Rain,Dry,Unknown,37,Male,0.0,,14.692193222710875,120.95775610748896,2025-06-21 18:55:00,6 PM,June,True,
MMTI-2025-0376,Pasig,Quezon Ave,Motorcycle,Pedestrian,Fatal,Clear,Unknown,Unknown,49,Male,4.0,65000.0,14.547575670803896,121.01777246543686,2025-04-03 03:57:00,3 AM,April,False,High
MMTI-2025-0377,Valenzuela,C5,Jeepney,Pedestrian,Minor,Rain,Unknown,Reckless Driving,57,Female,0.0,25500.0,14.529651233635938,121.03065537564312,2025-09-01 14:26:00,2 PM,September,False,High
MMTI-2025-0378,Quezon City,Katipunan Ave,Taxi,Pedestrian,Fatal,Storm,Dry,Overspeeding,24,Female,1.0,22500.0,14.63441809905228,121.02221795120974,2025-01-19 04:54:00,4 AM,January,True,High
MMTI-2025-0379,Makati,España Blvd,Car,Hit and Run,Unknown,Storm,Dry,Distracted Driving,67,Male,2.0,49000.0,14.67950595524749,121.0640529484565,2025-12-21 22:38:00,10 PM,December,True,High
MMTI-2025-0380,San Juan,Aurora Blvd,Car,Collision,Fatal,Storm,Unknown,Unknown,51,Female,0.0,28500.0,14.622410748985684,120.92186044688728,2025-08-07 17:04:00,5 PM,August,False,High
MMTI-2025-0381,Pateros,Katipunan Ave,Taxi,Side-swipe,Unknown,Clear,Slippery,Reckless Driving,51,Male,1.0,80500.0,14.612526867533322,121.0039411600369,2025-11-19 16:05:00,4 PM,November,False,High
MMTI-2025-0382,Pasay,Katipunan Ave,Car,Side-swipe,Major,Clear,Dry,Overspeeding,47,Male,0.0,28500.0,14.659912870251102,121.09979740145003,2025-11-20 15:31:00,3 PM,November,False,High
MMTI-2025-0383,Las Piñas,España Blvd,Taxi,Rear-end,Minor,Rain,Wet,Reckless Driving,34,Male,2.0,40000.0,14.601337925419202,120.96478476787662,2025-07-31 01:21:00,1 AM,July,False,High
MMTI-2025-0384,Marikina,Ortigas Ave,Truck,Pedestrian,Unknown,Clear,Wet,Mechanical Failure,39,Male,0.0,63000.0,14.683232610634716,121.0594508767658,2025-01-04 03:43:00,3 AM,January,True,High
MMTI-2025-0385,Pasig,Aurora Blvd,Taxi,Pedestrian,Fatal,Cloudy,Unknown,Overspeeding,51,Male,4.0,94500.0,14.635639524929974,121.01103544166072,2025-11-27 04:30:00,4 AM,November,False,High
MMTI-2025-0386,Marikina,Ortigas Ave,Motorcycle,Rear-end,Fatal,Clear,Slippery,Unknown,58,Female,4.0,79500.0,14.577913254778652,121.019038373406,2025-01-10 06:36:00,6 AM,January,False,High
MMTI-2025-0387,Marikina,EDSA,Bus,Hit and Run,Minor,Cloudy,Wet,Traffic Violation,46,Male,1.0,69000.0,14.560463659726102,120.9224462544534,2025-06-07 22:54:00,10 PM,June,True,High
MMTI-2025-0388,Makati,Aurora Blvd,Jeepney,Collision,Unknown,Clear,Wet,Mechanical Failure,39,Female,0.0,69000.0,14.562071741782924,120.96546759030714,2025-01-20 06:58:00,6 AM,January,False,High
MMTI-2025-0389,Pasig,Quezon Ave,UV Express,Collision,Unknown,Cloudy,Unknown,Distracted Driving,18,Male,0.0,89500.0,14.66962480484588,121.0743750186072,2025-02-20 16:43:00,4 PM,February,False,High
MMTI-2025-0390,Quezon City,C5,Jeepney,Side-swipe,Minor,Clear,Slippery,Mechanical Failure,38,Female,1.0,38500.0,14.555329907733611,120.9638299581003,2025-06-20 14:56:00,2 PM,June,False,High
MMTI-2025-0391,Mandaluyong,Commonwealth Ave,Car,Side-swipe,Minor,Clear,Unknown,Distracted Driving,31,Male,4.0,42500.0,14.554210420163804,121.08865556374842,2025-08-14 21:07:00,9 PM,August,False,High
MMTI-2025-0392,Pasay,C5,Bus,Pedestrian,Fatal,Clear,Unknown,Overspeeding,26,Male,3.0,88000.0,14.510091202118884,120.97671992786796,2025-05-26 18:15:00,6 PM,May,False,High
MMTI-2025-0393,Pasay,Katipunan Ave,Jeepney,Hit and Run,Unknown,Storm,Slippery,Traffic Violation,,Female,0.0,99000.0,14.634174053086786,121.00669698577904,2025-02-14 13:25:00,1 PM,February,False,High
MMTI-2025-0394,Makati,Aurora Blvd,Motorcycle,Hit and Run,Fatal,Rain,Unknown,Unknown,32,Female,1.0,80500.0,14.551610553134772,120.972689869094,2025-08-27 18:08:00,6 PM,August,False,High
MMTI-2025-0395,Marikina,Ortigas Ave,Truck,Hit and Run,Minor,Clear,Unknown,Distracted Driving,40,Female,3.0,23500.0,14.55645147378436,120.9697230884499,2025-04-04 22:58:00,10 PM,April,False,High
MMTI-2025-0396,Taguig,Taft Ave,Taxi,Collision,Fatal,Clear,Dry,Reckless Driving,52,Female,3.0,77500.0,14.58268838113334,121.02417496777132,2025-10-22 04:32:00,4 AM,October,False,High
MMTI-2025-0397,Navotas,C5,Bus,Rear-end,Unknown,Cloudy,Unknown,Traffic Violation,52,Female,1.0,86500.0,14.633921039220532,121.0478734089894,2025-10-08 05:30:00,5 AM,October,False,High
MMTI-2025-0398,Pateros,C5,Jeepney,Pedestrian,Unknown,Storm,Unknown,Distracted Driving,,Female,1.0,41000.0,14.691176689275792,120.9139215269659,2025-12-31 18:53:00,6 PM,December,False,High
MMTI-2025-0399,Pasig,Taft Ave,Bus,Hit and Run,Minor,Clear,Wet,Drunk Driving,55,Male,1.0,86500.0,14.5298432863548,121.00625116421509,2025-02-25 21:52:00,9 PM,February,False,High
MMTI-2025-0400,Valenzuela,Quezon Ave,Car,Side-swipe,Fatal,Clear,Slippery,Unknown,63,Male,0.0,76500.0,14.501623850481945,121.09728432969813,2025-07-19 19:36:00,7 PM,July,True,High
MMTI-2025-0401,San Juan,EDSA,Bus,Pedestrian,Minor,Clear,Unknown,Traffic Violation,25,Male,0.0,32000.0,14.586343100223276,121.01803277491668,2025-07-26 04:54:00,4 AM,July,True,High
MMTI-2025-0402,Navotas,Taft Ave,Truck,Hit and Run,Unknown,Rain,Wet,Unknown,26,Female,4.0,51000.0,14.668665534145358,120.97205757772916,2025-11-17 10:45:00,10 AM,November,False,High
MMTI-2025-0403,Pasig,Commonwealth Ave,Motorcycle,Collision,Minor,Rain,Unknown,Unknown,26,Male,1.0,84000.0,14.661188322925351,121.07203055241112,2025-08-02 04:18:00,4 AM,August,True,High
MMTI-2025-0404,Malabon,Katipunan Ave,Car,Hit and Run,Unknown,Cloudy,Unknown,Unknown,42,Male,1.0,25500.0,14.584954371459146,120.90148599829963,2025-12-23 19:59:00,7 PM,December,False,High
MMTI-2025-0405,Manila,Roxas Blvd,Truck,Pedestrian,Unknown,Storm,Dry,Overspeeding,54,Female,0.0,49000.0,14.522632873922989,120.9963065817382,2025-09-13 23:15:00,11 PM,September,True,High
MMTI-2025-0406,Manila,Roxas Blvd,Truck,Pedestrian,Minor,Clear,Unknown,Distracted Driving,33,Female,0.0,96500.0,14.632747387827056,121.0337434278102,2025-12-20 02:09:00,2 AM,December,True,High
MMTI-2025-0407,Makati,Roxas Blvd,Jeepney,Collision,Fatal,Clear,Dry,Unknown,47,Female,4.0,95500.0,14.566302797825658,120.9705829083332,2025-12-17 20:34:00,8 PM,December,False,High
MMTI-2025-0408,Quezon City,Katipunan Ave,UV Express,Side-swipe,Unknown,Storm,Dry,Unknown,55,Female,4.0,8500.0,14.631263977274845,120.95835064174072,2025-05-31 09:10:00,9 AM,May,True,High
MMTI-2025-0409,Pateros,C5,Car,Pedestrian,Minor,Storm,Slippery,Drunk Driving,57,Male,2.0,34500.0,14.502840602012618,120.9223098808584,2025-11-16 00:18:00,12 AM,November,True,High
MMTI-2025-0410,Pasig,Aurora Blvd,Bus,Rear-end,Fatal,Rain,Wet,Unknown,29,Male,2.0,12500.0,14.693469126738712,121.019108818373,2025-03-31 18:47:00,6 PM,March,False,High
MMTI-2025-0411,Malabon,Taft Ave,Car,Hit and Run,Major,Rain,Unknown,Traffic Violation,21,Male,0.0,8500.0,14.533520079350494,120.979748960549,2025-03-20 15:48:00,3 PM,March,False,High
MMTI-2025-0412,Quezon City,Quezon Ave,Truck,Hit and Run,Unknown,Storm,Wet,Unknown,18,Male,3.0,50500.0,14.635698681050076,121.0923525445614,2025-06-04 15:47:00,3 PM,June,False,High
MMTI-2025-0413,Quezon City,Ortigas Ave,Taxi,Hit and Run,Unknown,Rain,Slippery,Traffic Violation,35,Male,0.0,34500.0,14.630868656313682,120.978230752738,2025-12-16 01:06:00,1 AM,December,False,High
MMTI-2025-0414,Makati,Quezon Ave,Jeepney,Side-swipe,Major,Storm,Unknown,Overspeeding,61,Male,0.0,3500.0,14.582249753322747,121.00505285278544,2025-12-12 23:15:00,11 PM,December,False,Medium
MMTI-2025-0415,Caloocan,Roxas Blvd,Bus,Rear-end,Minor,Clear,Unknown,Distracted Driving,21,Female,4.0,83500.0,14.52435802624833,121.0915590675473,2025-12-17 14:22:00,2 PM,December,False,High
MMTI-2025-0416,Navotas,Katipunan Ave,Taxi,Rear-end,Minor,Rain,Wet,Reckless Driving,36,Female,0.0,11500.0,14.627756101568703,121.08453907816894,2025-02-14 19:08:00,7 PM,February,False,High
MMTI-2025-0417,Marikina,Roxas Blvd,Car,Collision,Fatal,Clear,Unknown,Unknown,39,Male,2.0,35500.0,14.535585897327326,120.91387969626744,2025-05-22 13:44:00,1 PM,May,False,High
MMTI-2025-0418,Pasay,Aurora Blvd,Motorcycle,Rear-end,Unknown,Cloudy,Wet,Distracted Driving,46,Male,0.0,6000.0,14.514583900675792,121.01426891196898,2025-04-13 19:25:00,7 PM,April,True,Medium
MMTI-2025-0419,Pateros,Commonwealth Ave,UV Express,Collision,Minor,Rain,Unknown,Reckless Driving,27,Male,3.0,75500.0,14.500740750901972,121.04152113041268,2025-05-09 14:01:00,2 PM,May,False,High
MMTI-2025-0420,Navotas,C5,Jeepney,Rear-end,Minor,Cloudy,Unknown,Distracted Driving,54,Male,2.0,89000.0,14.56056561529728,120.91103893463652,2025-09-09 15:27:00,3 PM,September,False,High
MMTI-2025-0421,Quezon City,Ortigas Ave,Motorcycle,Hit and Run,Fatal,Rain,Wet,Drunk Driving,53,Male,3.0,86500.0,14.53820063218306,121.03917645572142,2025-11-28 02:23:00,2 AM,November,False,High
MMTI-2025-0422,Las Piñas,Aurora Blvd,Motorcycle,Hit and Run,Major,Rain,Dry,Mechanical Failure,19,Female,3.0,51500.0,14.51259852616897,121.00811040944367,2025-02-24 20:44:00,8 PM,February,False,High
MMTI-2025-0423,Valenzuela,EDSA,Motorcycle,Side-swipe,Minor,Storm,Dry,Unknown,25,Female,0.0,87000.0,14.604623927859024,121.08801795792294,2025-06-07 15:34:00,3 PM,June,True,High
MMTI-2025-0424,Makati,Quezon Ave,Motorcycle,Collision,Major,Cloudy,Dry,Unknown,57,Male,1.0,91500.0,14.629757283822505,120.9028730409924,2025-10-02 04:47:00,4 AM,October,False,High
MMTI-2025-0425,San Juan,C5,Truck,Pedestrian,Major,Clear,Dry,Distracted Driving,25,Female,4.0,80500.0,14.544114504848585,121.06089070618546,2025-11-20 01:57:00,1 AM,November,False,High
MMTI-2025-0426,Navotas,Ortigas Ave,Motorcycle,Pedestrian,Unknown,Rain,Slippery,Mechanical Failure,66,Male,4.0,24000.0,14.567100745533738,120.92414909791036,2025-08-07 10:51:00,10 AM,August,False,High
MMTI-2025-0427,Las Piñas,España Blvd,Car,Hit and Run,Major,Clear,Dry,Drunk Driving,24,Female,1.0,4000.0,14.67592538816775,120.91614452154391,2025-03-14 13:10:00,1 PM,March,False,Medium
MMTI-2025-0428,Makati,Katipunan Ave,Bus,Hit and Run,Unknown,Rain,Wet,Mechanical Failure,27,Male,4.0,59500.0,14.58240626490005,121.08761792208932,2025-01-04 05:59:00,5 AM,January,True,High
MMTI-2025-0429,Pasig,Commonwealth Ave,UV Express,Hit and Run,Unknown,Clear,Slippery,Traffic Violation,44,Male,4.0,32000.0,14.538380572374924,121.09732070495218,2025-11-09 22:02:00,10 PM,November,True,High
MMTI-2025-0430,Quezon City,España Blvd,Car,Hit and Run,Major,Storm,Dry,Mechanical Failure,25,Female,0.0,62500.0,14.599502967560774,120.93195191870652,2025-02-18 19:23:00,7 PM,February,False,High
MMTI-2025-0431,Las Piñas,Roxas Blvd,Car,Hit and Run,Fatal,Storm,Unknown,Unknown,20,Male,0.0,8500.0,14.6849722691437,120.93517752164313,2025-01-23 01:41:00,1 AM,January,False,High
MMTI-2025-0432,Taguig,C5,Car,Hit and Run,Unknown,Clear,Slippery,Unknown,30,Male,1.0,16000.0,14.565226444941434,120.9196128267603,2025-01-15 15:32:00,3 PM,January,False,High
MMTI-2025-0433,Caloocan,C5,Truck,Pedestrian,Unknown,Clear,Unknown,Drunk Driving,31,Female,1.0,51500.0,14.57469701638282,120.99154803860162,2025-07-31 06:24:00,6 AM,July,False,High
MMTI-2025-0434,Mandaluyong,Quezon Ave,Bus,Rear-end,Minor,Rain,Unknown,Overspeeding,35,Female,0.0,61500.0,14.5917157849941,120.93424026334336,2025-04-10 20:22:00,8 PM,April,False,High
MMTI-2025-0435,San Juan,Katipunan Ave,Car,Pedestrian,Major,Clear,Unknown,Mechanical Failure,23,Female,4.0,64500.0,14.672439810627198,120.94328852086004,2025-06-25 07:56:00,7 AM,June,False,High
MMTI-2025-0436,Manila,Taft Ave,UV Express,Rear-end,Major,Storm,Unknown,Mechanical Failure,55,Female,4.0,2500.0,14.583554370671784,120.90884483909616,2025-08-31 14:17:00,2 PM,August,True,Low
MMTI-2025-0437,Manila,EDSA,Truck,Pedestrian,Unknown,Cloudy,Dry,Unknown,49,Female,0.0,73000.0,14.650615738350783,121.03863196780054,2025-08-29 23:49:00,11 PM,August,False,High
MMTI-2025-0438,Las Piñas,Roxas Blvd,Car,Collision,Minor,Cloudy,Slippery,Drunk Driving,63,Female,4.0,97500.0,14.616732022202632,121.09528415568894,2025-07-28 06:08:00,6 AM,July,False,High
MMTI-2025-0439,Navotas,Commonwealth Ave,Taxi,Side-swipe,Unknown,Rain,Dry,Distracted Driving,42,Male,4.0,6000.0,14.559317996242497,121.05057760219243,2025-08-26 04:55:00,4 AM,August,False,Medium
MMTI-2025-0440,Makati,Quezon Ave,Taxi,Collision,Unknown,Storm,Dry,Traffic Violation,21,Male,3.0,48500.0,14.593070575027369,120.90817486698266,2025-12-24 19:34:00,7 PM,December,False,High
MMTI-2025-0441,Quezon City,C5,Jeepney,Rear-end,Major,Storm,Wet,Distracted Driving,59,Female,0.0,98000.0,14.61602387707104,121.09182074621744,2025-07-07 05:41:00,5 AM,July,False,High
MMTI-2025-0442,Caloocan,Ortigas Ave,Bus,Side-swipe,Unknown,Rain,Unknown,Reckless Driving,21,Male,2.0,46000.0,14.590482129881124,121.00029001910492,2025-04-18 23:48:00,11 PM,April,False,High
MMTI-2025-0443,Quezon City,España Blvd,Bus,Hit and Run,Unknown,Storm,Dry,Mechanical Failure,47,Male,0.0,52000.0,14.67958917197408,120.95767453753687,2025-03-04 15:45:00,3 PM,March,False,High
MMTI-2025-0444,Mandaluyong,C5,UV Express,Rear-end,Unknown,Rain,Wet,Overspeeding,36,Female,0.0,71000.0,14.686344294446748,120.99478098354744,2025-02-09 03:10:00,3 AM,February,True,High
MMTI-2025-0445,Manila,Roxas Blvd,Car,Collision,Minor,Rain,Unknown,Traffic Violation,44,Male,0.0,84500.0,14.657364872584203,120.99722967832292,2025-08-04 14:47:00,2 PM,August,False,High
MMTI-2025-0446,Quezon City,Aurora Blvd,Truck,Side-swipe,Unknown,Rain,Slippery,Drunk Driving,68,Male,1.0,63500.0,14.574380463318116,120.9576292585876,2025-12-07 22:33:00,10 PM,December,True,High
MMTI-2025-0447,San Juan,Aurora Blvd,Car,Pedestrian,Major,Rain,Unknown,Reckless Driving,29,Female,0.0,90500.0,14.680942229429418,121.05889145605786,2025-01-25 04:22:00,4 AM,January,True,High
MMTI-2025-0448,Quezon City,Ortigas Ave,Jeepney,Rear-end,Unknown,Storm,Slippery,Drunk Driving,31,Male,0.0,42500.0,14.695604512607824,120.92958884294768,2025-03-24 07:07:00,7 AM,March,False,High
MMTI-2025-0449,Quezon City,Roxas Blvd,Motorcycle,Collision,Unknown,Cloudy,Wet,Unknown,38,Female,0.0,96500.0,14.609229117595556,121.00148180623545,2025-08-18 17:10:00,5 PM,August,False,High
MMTI-2025-0450,Pateros,Roxas Blvd,Taxi,Pedestrian,Major,Clear,Unknown,Traffic Violation,62,Male,0.0,63000.0,14.68003489381087,120.92788465869133,2025-11-28 22:18:00,10 PM,November,False,High
MMTI-2025-0451,Manila,Taft Ave,Jeepney,Rear-end,Unknown,Storm,Dry,Traffic Violation,21,Female,4.0,69000.0,14.544428771408324,121.0871330153452,2025-10-10 03:19:00,3 AM,October,False,High
MMTI-2025-0452,Makati,España Blvd,Taxi,Hit and Run,Minor,Clear,Unknown,Mechanical Failure,49,Male,4.0,79000.0,14.602311168526713,120.9112095235414,2025-05-23 06:01:00,6 AM,May,False,High
MMTI-2025-0453,Pasig,Taft Ave,Bus,Hit and Run,Fatal,Clear,Slippery,Traffic Violation,40,Male,3.0,73500.0,14.517519726180575,121.0455706713912,2025-12-08 11:25:00,11 AM,December,False,High
MMTI-2025-0454,Valenzuela,Roxas Blvd,Car,Hit and Run,Unknown,Rain,Unknown,Distracted Driving,27,Female,2.0,62500.0,14.6976764855795,121.005060209314,2025-08-16 23:26:00,11 PM,August,True,High
MMTI-2025-0455,Makati,Taft Ave,Motorcycle,Collision,Unknown,Rain,Slippery,Unknown,29,Female,0.0,74500.0,14.651048749558438,120.92738540798317,2025-06-21 02:59:00,2 AM,June,True,High
MMTI-2025-0456,Quezon City,Aurora Blvd,Motorcycle,Side-swipe,Unknown,Storm,Unknown,Unknown,32,Male,0.0,21500.0,14.552535404712216,121.09120531922662,2025-04-06 12:18:00,12 PM,April,True,High
MMTI-2025-0457,San Juan,Taft Ave,Car,Hit and Run,Major,Clear,Dry,Reckless Driving,49,Male,4.0,97000.0,14.57235190209905,120.99609718109008,2025-11-22 15:07:00,3 PM,November,True,High
MMTI-2025-0458,Pateros,C5,Bus,Pedestrian,Unknown,Clear,Slippery,Drunk Driving,55,Male,1.0,42500.0,14.592208793578024,121.03865660896228,2025-08-12 08:40:00,8 AM,August,False,High
MMTI-2025-0459,Mandaluyong,Ortigas Ave,Truck,Side-swipe,Minor,Storm,Slippery,Distracted Driving,50,Female,0.0,25000.0,14.652937875828904,121.01975249760244,2025-07-02 05:03:00,5 AM,July,False,High
MMTI-2025-0460,Marikina,Roxas Blvd,Bus,Side-swipe,Minor,Clear,Unknown,Traffic Violation,,Female,0.0,19500.0,14.60363414925548,120.9746028390211,2025-03-27 17:20:00,5 PM,March,False,High
MMTI-2025-0461,Pasay,C5,Car,Rear-end,Unknown,Rain,Wet,Distracted Driving,44,Female,0.0,16500.0,14.663768948810148,121.08468195053544,2025-09-06 13:21:00,1 PM,September,True,High
MMTI-2025-0462,Las Piñas,Commonwealth Ave,Taxi,Hit and Run,Unknown,Clear,Slippery,Drunk Driving,63,Male,0.0,97000.0,14.66291482168227,120.94447156955113,2025-09-03 11:19:00,11 AM,September,False,High
MMTI-2025-0463,Caloocan,Roxas Blvd,Car,Rear-end,Major,Clear,Unknown,Distracted Driving,22,Male,3.0,98500.0,14.586249494615968,120.93927019850584,2025-12-22 04:44:00,4 AM,December,False,High
MMTI-2025-0464,Makati,EDSA,Truck,Collision,Fatal,Clear,Dry,Reckless Driving,60,Male,0.0,17500.0,14.68401961416273,120.94108023731054,2025-01-17 21:32:00,9 PM,January,False,High
MMTI-2025-0465,Las Piñas,EDSA,Motorcycle,Rear-end,Fatal,Clear,Slippery,Traffic Violation,28,Female,4.0,74500.0,14.513667407779552,121.0639173009666,2025-04-13 05:42:00,5 AM,April,True,High
MMTI-2025-0466,Parañaque,Roxas Blvd,Car,Pedestrian,Minor,Rain,Dry,Mechanical Failure,50,Female,2.0,91000.0,14.617876114227066,120.9879331658386,2025-01-08 16:13:00,4 PM,January,False,High
MMTI-2025-0467,Las Piñas,Taft Ave,Truck,Rear-end,Unknown,Rain,Unknown,Distracted Driving,66,Male,0.0,61500.0,14.522063232242656,120.9271824739811,2025-02-24 05:53:00,5 AM,February,False,High
MMTI-2025-0468,Quezon City,EDSA,Motorcycle,Side-swipe,Unknown,Clear,Unknown,Reckless Driving,47,Male,0.0,58500.0,14.545174685945982,120.98145644410044,2025-07-04 22:18:00,10 PM,July,False,High
MMTI-2025-0469,Makati,Aurora Blvd,UV Express,Side-swipe,Major,Clear,Unknown,Distracted Driving,43,Female,4.0,86000.0,14.63530373287947,120.9238435687771,2025-08-08 06:54:00,6 AM,August,False,High
MMTI-2025-0470,Makati,C5,UV Express,Rear-end,Minor,Storm,Wet,Traffic Violation,30,Female,0.0,31500.0,14.667621826268292,121.04504010006652,2025-07-22 12:44:00,12 PM,July,False,High
MMTI-2025-0471,Makati,Katipunan Ave,Bus,Hit and Run,Fatal,Cloudy,Unknown,Unknown,49,Male,1.0,,14.590926948350722,120.92443801201983,2025-05-23 22:49:00,10 PM,May,False,
MMTI-2025-0472,Pasig,EDSA,Motorcycle,Collision,Minor,Cloudy,Dry,Drunk Driving,42,Male,1.0,40500.0,14.624393352304743,120.91926672571924,2025-09-08 15:14:00,3 PM,September,False,High
MMTI-2025-0473,Manila,Aurora Blvd,Taxi,Hit and Run,Major,Storm,Unknown,Unknown,50,Male,4.0,45500.0,14.66189631947826,121.00810579739009,2025-02-09 21:48:00,9 PM,February,True,High
MMTI-2025-0474,Taguig,Taft Ave,Truck,Side-swipe,Unknown,Cloudy,Unknown,Overspeeding,20,Female,4.0,86000.0,14.672072140543731,120.9606089143227,2025-01-10 01:27:00,1 AM,January,False,High
MMTI-2025-0475,Malabon,Commonwealth Ave,Bus,Hit and Run,Unknown,Clear,Unknown,Unknown,60,Female,3.0,73500.0,14.670870293909775,121.0013370097514,2025-12-28 05:31:00,5 AM,December,True,High
MMTI-2025-0476,Makati,Taft Ave,Jeepney,Side-swipe,Fatal,Storm,Dry,Overspeeding,55,Male,1.0,48500.0,14.569775357558658,121.04841142681832,2025-07-20 08:31:00,8 AM,July,True,High
MMTI-2025-0477,Navotas,C5,Truck,Side-swipe,Fatal,Cloudy,Slippery,Overspeeding,60,Female,1.0,32000.0,14.629616564977317,121.0185063333585,2025-01-14 20:21:00,8 PM,January,False,High
MMTI-2025-0478,San Juan,C5,Bus,Rear-end,Minor,Clear,Slippery,Overspeeding,47,Female,4.0,67500.0,14.68028196904238,120.9533237770504,2025-12-19 02:55:00,2 AM,December,False,High
MMTI-2025-0479,Manila,Ortigas Ave,Truck,Pedestrian,Unknown,Storm,Unknown,Distracted Driving,69,Female,0.0,90000.0,14.635022259065371,120.9671934924971,2025-12-23 15:37:00,3 PM,December,False,High
MMTI-2025-0480,Pasay,Katipunan Ave,Bus,Side-swipe,Unknown,Rain,Unknown,Distracted Driving,52,Female,2.0,35500.0,14.50950627222258,121.0992455386721,2025-09-15 21:21:00,9 PM,September,False,High
MMTI-2025-0481,Makati,Katipunan Ave,Motorcycle,Pedestrian,Fatal,Storm,Dry,Unknown,45,Female,2.0,11500.0,14.63030736271104,120.96036940292215,2025-07-25 07:39:00,7 AM,July,False,High
MMTI-2025-0482,Quezon City,Ortigas Ave,Car,Hit and Run,Unknown,Storm,Unknown,Unknown,60,Female,0.0,82000.0,14.640666329139805,121.07254196135185,2025-06-03 13:42:00,1 PM,June,False,High
MMTI-2025-0483,Valenzuela,Roxas Blvd,UV Express,Pedestrian,Unknown,Cloudy,Unknown,Overspeeding,51,Female,2.0,61000.0,14.529548737764916,120.93009453080064,2025-10-23 15:13:00,3 PM,October,False,High
MMTI-2025-0484,Malabon,Taft Ave,Bus,Collision,Major,Cloudy,Slippery,Reckless Driving,59,Female,2.0,89500.0,14.6202464539351,120.98117318784963,2025-12-17 09:54:00,9 AM,December,False,High
MMTI-2025-0485,Manila,Quezon Ave,Taxi,Side-swipe,Unknown,Cloudy,Unknown,Unknown,45,Male,1.0,22000.0,14.554542392695591,120.90582837351918,2025-02-28 04:12:00,4 AM,February,False,High
MMTI-2025-0486,Pasay,EDSA,UV Express,Hit and Run,Minor,Clear,Dry,Traffic Violation,56,Male,0.0,54000.0,14.679354648833623,121.03433441468692,2025-05-23 21:35:00,9 PM,May,False,High
MMTI-2025-0487,Pasig,Quezon Ave,Motorcycle,Pedestrian,Unknown,Clear,Unknown,Reckless Driving,49,Male,1.0,78500.0,14.52445536669074,121.06133744912358,2025-02-16 12:53:00,12 PM,February,True,High
MMTI-2025-0488,Navotas,Quezon Ave,Truck,Rear-end,Major,Clear,Wet,Mechanical Failure,35,Female,3.0,34500.0,14.672579986735403,120.9111850805437,2025-06-18 18:47:00,6 PM,June,False,High
MMTI-2025-0489,Taguig,Ortigas Ave,Jeepney,Hit and Run,Unknown,Rain,Wet,Reckless Driving,68,Female,2.0,62500.0,14.643134245824426,121.0642730732384,2025-10-01 11:44:00,11 AM,October,False,High
MMTI-2025-0490,Pasig,EDSA,Taxi,Collision,Major,Storm,Unknown,Unknown,37,Male,0.0,17500.0,14.60698213855468,120.94727637895592,2025-01-11 20:57:00,8 PM,January,True,High
MMTI-2025-0491,Navotas,Roxas Blvd,Bus,Collision,Major,Storm,Wet,Drunk Driving,46,Male,0.0,54000.0,14.657863479903163,120.954807305137,2025-08-15 12:00:00,12 PM,August,False,High
MMTI-2025-0492,Malabon,Ortigas Ave,UV Express,Hit and Run,Minor,Rain,Slippery,Distracted Driving,40,Female,4.0,95000.0,14.66268560968001,121.0475571041208,2025-02-11 15:30:00,3 PM,February,False,High
MMTI-2025-0493,Quezon City,Commonwealth Ave,UV Express,Hit and Run,Major,Clear,Unknown,Mechanical Failure,58,Male,2.0,75500.0,14.51644641028468,120.93156448788882,2025-08-21 22:01:00,10 PM,August,False,High
MMTI-2025-0494,Pasig,Katipunan Ave,UV Express,Hit and Run,Fatal,Cloudy,Unknown,Drunk Driving,34,Female,0.0,77500.0,14.665353721868367,121.05990573358804,2025-09-22 22:49:00,10 PM,September,False,High
MMTI-2025-0495,Las Piñas,Commonwealth Ave,Truck,Hit and Run,Unknown,Rain,Dry,Overspeeding,53,Female,0.0,61000.0,14.53965324053434,121.04025223084068,2025-04-12 02:26:00,2 AM,April,True,High
MMTI-2025-0496,Pasig,Taft Ave,Jeepney,Side-swipe,Major,Clear,Slippery,Drunk Driving,54,Male,0.0,93500.0,14.60516754006618,121.05467186409234,2025-03-28 01:25:00,1 AM,March,False,High
MMTI-2025-0497,Taguig,Quezon Ave,UV Express,Rear-end,Major,Storm,Slippery,Unknown,42,Female,3.0,28000.0,14.620016557299444,121.09904148999466,2025-08-21 21:31:00,9 PM,August,False,High
MMTI-2025-0498,Parañaque,Taft Ave,Car,Hit and Run,Major,Clear,Slippery,Reckless Driving,33,Female,1.0,49000.0,14.616580615467232,121.02944711366024,2025-05-25 23:43:00,11 PM,May,True,High
MMTI-2025-0499,Pasig,Ortigas Ave,UV Express,Hit and Run,Major,Rain,Unknown,Unknown,65,Male,0.0,14000.0,14.611399994878102,120.91042252232562,2025-02-13 00:30:00,12 AM,February,False,High