incident_id,city,road_name,vehicle_type,accident_type,severity,weather_condition,road_condition,cause,driver_age,driver_gender,injury_count,damage_cost_php,latitude,longitude,datetime,hour,day_of_week,is_weekend,cost_category
MMTI-2025-0500,Las Piñas,Katipunan Ave,UV Express,Pedestrian,Minor,Clear,Slippery,Unknown,37,Female,0.0,49000.0,14.526447650742616,121.07844518953496,2025-05-01 15:58:00,3 PM,May,False,High
MMTI-2025-0501,Mandaluyong,Commonwealth Ave,Jeepney,Hit and Run,Fatal,Cloudy,Wet,Distracted Driving,38,Female,1.0,35000.0,14.523368411232934,120.90883243229764,2025-01-22 18:11:00,6 PM,January,False,High
MMTI-2025-0502,Mandaluyong,Ortigas Ave,Truck,Side-swipe,Fatal,Clear,Slippery,Traffic Violation,45,Female,2.0,96000.0,14.69891301317703,121.05273508273072,2025-03-07 15:55:00,3 PM,March,False,High
MMTI-2025-0503,Valenzuela,EDSA,Car,Rear-end,Minor,Rain,Wet,Overspeeding,48,Male,1.0,92000.0,14.593426567966386,120.92320480942011,2025-03-19 17:54:00,5 PM,March,False,High
MMTI-2025-0504,Las Piñas,España Blvd,Truck,Hit and Run,Unknown,Clear,Wet,Distracted Driving,40,Male,1.0,38000.0,14.53613099282228,120.93365900032214,2025-09-11 01:28:00,1 AM,September,False,High
MMTI-2025-0505,Makati,Quezon Ave,Jeepney,Collision,Unknown,Clear,Wet,Unknown,22,Female,3.0,88500.0,14.518861044775498,120.96573155526217,2025-09-18 08:36:00,8 AM,September,False,High
MMTI-2025-0506,Taguig,Taft Ave,Bus,Pedestrian,Minor,Storm,Wet,Overspeeding,23,Female,0.0,86000.0,14.595971018752538,121.02567134790898,2025-05-26 21:43:00,9 PM,May,False,High
MMTI-2025-0507,Manila,Ortigas Ave,Motorcycle,Pedestrian,Unknown,Storm,Unknown,Drunk Driving,31,Male,0.0,38000.0,14.564634169337372,120.91110700479716,2025-05-18 19:42:00,7 PM,May,True,High
MMTI-2025-0508,Navotas,C5,Truck,Side-swipe,Major,Rain,Unknown,Distracted Driving,19,Female,1.0,51500.0,14.655898509029145,120.9569871777999,2025-02-06 17:38:00,5 PM,February,False,High
MMTI-2025-0509,San Juan,Aurora Blvd,Taxi,Hit and Run,Fatal,Rain,Unknown,Drunk Driving,40,Male,2.0,67500.0,14.539974252119098,120.98908848298404,2025-12-01 04:07:00,4 AM,December,False,High
MMTI-2025-0510,Makati,Katipunan Ave,Truck,Collision,Unknown,Storm,Unknown,Drunk Driving,45,Female,0.0,7000.0,14.602668291839578,121.09465435812405,2025-07-18 15:17:00,3 PM,July,False,Medium
MMTI-2025-0511,Pasig,Aurora Blvd,Jeepney,Pedestrian,Minor,Storm,Unknown,Unknown,23,Female,2.0,21000.0,14.69683724660842,121.03686278745964,2025-12-13 07:41:00,7 AM,December,True,High
MMTI-2025-0512,Malabon,Roxas Blvd,Jeepney,Collision,Unknown,Clear,Dry,Distracted Driving,50,Female,3.0,14000.0,14.592931298406208,121.04406199987008,2025-06-03 07:33:00,7 AM,June,False,High
MMTI-2025-0513,Makati,C5,Taxi,Pedestrian,Minor,Clear,Unknown,Drunk Driving,68,Female,3.0,7500.0,14.516658113026994,121.0753510694271,2025-05-10 11:16:00,11 AM,May,True,High
MMTI-2025-0514,Valenzuela,Aurora Blvd,Jeepney,Side-swipe,Fatal,Rain,Wet,Drunk Driving,23,Male,0.0,15500.0,14.586759784123862,120.90358304382242,2025-06-02 10:37:00,10 AM,June,False,High
MMTI-2025-0515,Pasay,Aurora Blvd,Truck,Hit and Run,Unknown,Rain,Unknown,Reckless Driving,57,Male,0.0,88000.0,14.692628322080214,121.03502045779676,2025-07-22 03:00:00,3 AM,July,False,High
MMTI-2025-0516,Pasig,EDSA,Car,Collision,Minor,Rain,Wet,Overspeeding,31,Female,0.0,20500.0,14.629947965207368,120.9871576947601,2025-06-04 02:08:00,2 AM,June,False,High
MMTI-2025-0517,Makati,Roxas Blvd,Taxi,Hit and Run,Major,Cloudy,Unknown,Overspeeding,25,Female,1.0,96500.0,14.640519621141651,121.09277337414778,2025-11-17 17:12:00,5 PM,November,False,High
MMTI-2025-0518,Valenzuela,Katipunan Ave,Car,Rear-end,Fatal,Clear,Unknown,Overspeeding,39,Male,0.0,82500.0,14.669525906016071,120.9863575905256,2025-08-30 00:55:00,12 AM,August,True,High
MMTI-2025-0519,Makati,Katipunan Ave,UV Express,Pedestrian,Fatal,Clear,Unknown,Unknown,49,Female,1.0,93000.0,14.51214093644665,120.9038039318055,2025-08-01 15:47:00,3 PM,August,False,High
MMTI-2025-0520,Makati,Roxas Blvd,UV Express,Hit and Run,Unknown,Clear,Unknown,Traffic Violation,46,Female,0.0,22500.0,14.557602156290724,120.9384402595002,2025-10-23 10:35:00,10 AM,October,False,High
MMTI-2025-0521,Manila,Quezon Ave,Jeepney,Side-swipe,Unknown,Rain,Unknown,Drunk Driving,36,Female,3.0,88000.0,14.63050003757266,120.9720511135399,2025-06-26 14:14:00,2 PM,June,False,High
MMTI-2025-0522,Parañaque,Roxas Blvd,UV Express,Collision,Unknown,Rain,Wet,Mechanical Failure,28,Female,0.0,55000.0,14.688610939672245,120.99874501571604,2025-08-30 05:39:00,5 AM,August,True,High
MMTI-2025-0523,Quezon City,EDSA,Bus,Side-swipe,Fatal,Rain,Wet,Drunk Driving,,Male,0.0,45000.0,14.586124092510296,121.02351258430882,2025-05-01 06:35:00,6 AM,May,False,High
MMTI-2025-0524,Pateros,Roxas Blvd,Bus,Side-swipe,Minor,Clear,Slippery,Drunk Driving,62,Male,0.0,8000.0,14.68532641969065,120.98756534129232,2025-03-03 17:14:00,5 PM,March,False,High
MMTI-2025-0525,Pasig,Katipunan Ave,Taxi,Collision,Unknown,Clear,Unknown,Distracted Driving,28,Male,1.0,48000.0,14.53140650947146,120.95842459754373,2025-08-23 03:06:00,3 AM,August,True,High
MMTI-2025-0526,Taguig,Commonwealth Ave,UV Express,Side-swipe,Fatal,Rain,Dry,Mechanical Failure,46,Female,0.0,33000.0,14.666962673975744,120.99473266652424,2025-08-15 16:31:00,4 PM,August,False,High
MMTI-2025-0527,Makati,Roxas Blvd,Bus,Hit and Run,Fatal,Rain,Wet,Drunk Driving,66,Female,1.0,19500.0,14.660353735728298,120.9826818837494,2025-05-27 16:10:00,4 PM,May,False,High
MMTI-2025-0528,Manila,Ortigas Ave,Motorcycle,Hit and Run,Major,Clear,Unknown,Distracted Driving,23,Male,2.0,53000.0,14.696388984877428,120.93286493634297,2025-07-29 14:54:00,2 PM,July,False,High
MMTI-2025-0529,Quezon City,Commonwealth Ave,Jeepney,Collision,Unknown,Storm,Unknown,Unknown,61,Male,0.0,97000.0,14.562739047272848,120.9688314721106,2025-02-01 12:48:00,12 PM,February,True,High
MMTI-2025-0530,Pasig,Taft Ave,Truck,Rear-end,Unknown,Clear,Unknown,Unknown,62,Male,0.0,53500.0,14.655080066915296,121.0761949364864,2025-05-24 16:39:00,4 PM,May,True,High
MMTI-2025-0531,Marikina,Taft Ave,UV Express,Rear-end,Unknown,Clear,Slippery,Mechanical Failure,23,Male,4.0,45500.0,14.651409264856108,120.93200546804582,2025-02-13 01:34:00,1 AM,February,False,High
MMTI-2025-0532,Mandaluyong,Quezon Ave,Taxi,Side-swipe,Unknown,Clear,Dry,Overspeeding,41,Male,0.0,66500.0,14.570894669180827,120.90954657458748,2025-01-15 17:37:00,5 PM,January,False,High
MMTI-2025-0533,San Juan,Katipunan Ave,UV Express,Collision,Unknown,Storm,Wet,Mechanical Failure,40,Male,2.0,87000.0,14.65695785256487,121.04297089364049,2025-11-30 03:28:00,3 AM,November,True,High
MMTI-2025-0534,Navotas,España Blvd,UV Express,Rear-end,Minor,Storm,Unknown,Mechanical Failure,,Male,3.0,14500.0,14.529310650693834,120.98513842646544,2025-12-11 04:45:00,4 AM,December,False,High
MMTI-2025-0535,Quezon City,Taft Ave,Car,Hit and Run,Major,Cloudy,Dry,Traffic Violation,61,Female,4.0,73500.0,14.60378899988357,120.97895649503472,2025-07-30 02:05:00,2 AM,July,False,High
MMTI-2025-0536,Malabon,Aurora Blvd,UV Express,Hit and Run,Unknown,Rain,Wet,Drunk Driving,49,Female,1.0,92000.0,14.602637097035752,121.0058282213182,2025-05-16 18:31:00,6 PM,May,False,High
MMTI-2025-0537,Pateros,EDSA,UV Express,Rear-end,Unknown,Storm,Dry,Unknown,25,Male,2.0,75000.0,14.557918115020218,121.00455549978211,2025-12-22 06:29:00,6 AM,December,False,High
MMTI-2025-0538,Las Piñas,Roxas Blvd,Bus,Hit and Run,Minor,Rain,Wet,Unknown,21,Male,2.0,29500.0,14.536615426568874,121.0479320652616,2025-03-02 11:19:00,11 AM,March,True,High
MMTI-2025-0539,Las Piñas,C5,Taxi,Collision,Unknown,Cloudy,Unknown,Reckless Driving,54,Female,2.0,50000.0,14.595045509687752,121.04400669907582,2025-01-02 03:35:00,3 AM,January,False,High
MMTI-2025-0540,Pasig,España Blvd,UV Express,Hit and Run,Unknown,Rain,Unknown,Drunk Driving,64,Male,0.0,81500.0,14.632900462483748,120.98192566541915,2025-11-07 04:48:00,4 AM,November,False,High
MMTI-2025-0541,Quezon City,EDSA,UV Express,Hit and Run,Fatal,Rain,Dry,Drunk Driving,63,Male,4.0,82500.0,14.65923175628721,121.04147976980931,2025-04-30 12:21:00,12 PM,April,False,High
MMTI-2025-0542,Quezon City,C5,Car,Pedestrian,Unknown,Clear,Dry,Mechanical Failure,66,Female,4.0,4000.0,14.524056635287783,121.08723636199812,2025-10-15 20:07:00,8 PM,October,False,Medium
MMTI-2025-0543,Parañaque,Quezon Ave,Taxi,Pedestrian,Unknown,Clear,Unknown,Traffic Violation,43,Male,3.0,4500.0,14.567991311009257,120.93610160114608,2025-04-03 00:17:00,12 AM,April,False,Medium
MMTI-2025-0544,Navotas,Roxas Blvd,Motorcycle,Collision,Minor,Clear,Wet,Reckless Driving,27,Female,2.0,,14.517925712696057,120.96135884367251,2025-01-13 16:20:00,4 PM,January,False,
MMTI-2025-0545,Quezon City,Katipunan Ave,Bus,Rear-end,Minor,Rain,Dry,Reckless Driving,42,Male,2.0,20000.0,14.582564562399702,120.96484355815936,2025-07-28 21:10:00,9 PM,July,False,High
MMTI-2025-0546,Parañaque,Quezon Ave,Taxi,Pedestrian,Unknown,Rain,Unknown,Unknown,25,Male,0.0,42500.0,14.592964706649068,120.9814152927182,2025-07-12 03:03:00,3 AM,July,True,High
MMTI-2025-0547,Caloocan,EDSA,Bus,Pedestrian,Unknown,Rain,Dry,Mechanical Failure,66,Female,2.0,74500.0,14.581349184283589,120.91678167111615,2025-09-05 00:26:00,12 AM,September,False,High
MMTI-2025-0548,Pasig,Ortigas Ave,Jeepney,Rear-end,Major,Clear,Unknown,Unknown,20,Male,3.0,81000.0,14.557849890966802,121.0944163608065,2025-11-22 16:13:00,4 PM,November,True,High
MMTI-2025-0549,Pateros,Roxas Blvd,Jeepney,Side-swipe,Unknown,Storm,Wet,Reckless Driving,20,Female,0.0,70000.0,14.61261631558826,120.96012766970652,2025-01-01 01:59:00,1 AM,January,False,High
MMTI-2025-0550,Pasig,España Blvd,Bus,Hit and Run,Major,Clear,Unknown,Traffic Violation,61,Male,0.0,35000.0,14.695928069580637,121.04155081876029,2025-07-22 22:07:00,10 PM,July,False,High
MMTI-2025-0551,Marikina,Ortigas Ave,Car,Hit and Run,Unknown,Storm,Dry,Drunk Driving,59,Male,4.0,62500.0,14.500855849536428,120.9019157225977,2025-05-20 07:42:00,7 AM,May,False,High
MMTI-2025-0552,Pateros,Taft Ave,Jeepney,Collision,Minor,Clear,Dry,Unknown,61,Male,2.0,50000.0,14.66549336701827,120.97159314809257,2025-03-30 13:35:00,1 PM,March,True,High
MMTI-2025-0553,Taguig,Aurora Blvd,Bus,Rear-end,Unknown,Clear,Wet,Overspeeding,66,Male,0.0,92500.0,14.571564203786124,120.91799330385966,2025-04-01 22:00:00,10 PM,April,False,High
MMTI-2025-0554,Caloocan,Quezon Ave,Truck,Side-swipe,Minor,Storm,Unknown,Mechanical Failure,18,Female,0.0,52500.0,14.522189305528874,120.95546951080723,2025-11-11 20:19:00,8 PM,November,False,High
MMTI-2025-0555,Quezon City,Quezon Ave,UV Express,Pedestrian,Unknown,Clear,Wet,Distracted Driving,55,Female,0.0,10000.0,14.525486182063258,121.08671268011616,2025-09-14 15:10:00,3 PM,September,True,High
MMTI-2025-0556,Mandaluyong,Quezon Ave,Taxi,Collision,Unknown,Clear,Slippery,Unknown,18,Female,0.0,88000.0,14.688614844754383,120.91037255950847,2025-04-27 16:46:00,4 PM,April,True,High
MMTI-2025-0557,Malabon,Roxas Blvd,Motorcycle,Pedestrian,Unknown,Cloudy,Slippery,Overspeeding,64,Female,0.0,37500.0,14.68367829832444,121.00648205645211,2025-06-15 13:54:00,1 PM,June,True,High
MMTI-2025-0558,Parañaque,Ortigas Ave,Motorcycle,Pedestrian,Minor,Rain,Wet,Unknown,22,Female,1.0,23000.0,14.565844926701196,120.912568824926,2025-06-11 00:25:00,12 AM,June,False,High
MMTI-2025-0559,Pateros,Taft Ave,Taxi,Collision,Unknown,Rain,Slippery,Reckless Driving,33,Male,3.0,32500.0,14.691760531575683,121.06650350250963,2025-11-17 03:01:00,3 AM,November,False,High
MMTI-2025-0560,Caloocan,C5,Taxi,Pedestrian,Unknown,Cloudy,Dry,Unknown,55,Male,0.0,9500.0,14.683342875589943,120.9754790266056,2025-06-20 16:50:00,4 PM,June,False,High
MMTI-2025-0561,Pasig,EDSA,Taxi,Hit and Run,Minor,Storm,Unknown,Unknown,22,Male,0.0,9000.0,14.611851610321107,120.95898335404684,2025-12-22 02:50:00,2 AM,December,False,High
MMTI-2025-0562,Pasig,Taft Ave,Car,Pedestrian,Unknown,Clear,Unknown,Unknown,47,Female,4.0,81000.0,14.520255585520887,121.03018428524967,2025-07-15 12:06:00,12 PM,July,False,High
MMTI-2025-0563,Manila,Ortigas Ave,Jeepney,Rear-end,Minor,Clear,Dry,Distracted Driving,55,Female,4.0,18000.0,14.62747274713054,120.9512572204402,2025-12-12 00:29:00,12 AM,December,False,High
MMTI-2025-0564,Pasig,Aurora Blvd,Car,Rear-end,Major,Clear,Dry,Drunk Driving,37,Female,4.0,85000.0,14.650874727007364,120.96223764804552,2025-08-04 15:46:00,3 PM,August,False,High
MMTI-2025-0565,Pateros,Roxas Blvd,Jeepney,Side-swipe,Fatal,Storm,Dry,Drunk Driving,21,Female,4.0,73500.0,14.671740441105674,120.98441222808334,2025-10-05 04:09:00,4 AM,October,True,High
MMTI-2025-0566,Parañaque,C5,Bus,Rear-end,Unknown,Rain,Unknown,Traffic Violation,55,Male,4.0,40000.0,14.583739057672949,120.93245599732526,2025-04-11 06:40:00,6 AM,April,False,High
MMTI-2025-0567,Caloocan,EDSA,UV Express,Rear-end,Major,Cloudy,Unknown,Mechanical Failure,33,Female,0.0,,14.690517645798106,120.96630302191863,2025-08-21 01:31:00,1 AM,August,False,
MMTI-2025-0568,Pasay,EDSA,Bus,Collision,Minor,Storm,Dry,Distracted Driving,27,Male,3.0,26500.0,14.626266915478835,121.08254175300232,2025-07-12 06:25:00,6 AM,July,True,High
MMTI-2025-0569,Parañaque,Quezon Ave,Bus,Rear-end,Major,Storm,Wet,Traffic Violation,53,Female,1.0,27000.0,14.50429840561163,121.06857628414302,2025-07-04 01:01:00,1 AM,July,False,High
MMTI-2025-0570,Pasig,Taft Ave,UV Express,Collision,Fatal,Rain,Slippery,Unknown,33,Male,2.0,86500.0,14.5342719613629,121.00538534816668,2025-02-21 00:53:00,12 AM,February,False,High
MMTI-2025-0571,Makati,C5,Car,Rear-end,Major,Rain,Unknown,Unknown,62,Male,2.0,78500.0,14.58590803291944,121.02722858972037,2025-11-16 13:56:00,1 PM,November,True,High
MMTI-2025-0572,Parañaque,España Blvd,Bus,Rear-end,Fatal,Rain,Dry,Reckless Driving,26,Female,1.0,95000.0,14.51628154037098,120.99413345872014,2025-01-24 19:37:00,7 PM,January,False,High
MMTI-2025-0573,Pasay,España Blvd,Truck,Pedestrian,Fatal,Cloudy,Unknown,Unknown,29,Male,0.0,49500.0,14.605095134220289,120.99665941106626,2025-12-06 19:04:00,7 PM,December,True,High
MMTI-2025-0574,Makati,Taft Ave,UV Express,Pedestrian,Minor,Rain,Wet,Mechanical Failure,46,Female,3.0,29500.0,14.561199807263945,121.07774178590935,2025-09-11 15:17:00,3 PM,September,False,High
MMTI-2025-0575,Las Piñas,Roxas Blvd,Jeepney,Collision,Major,Clear,Slippery,Unknown,51,Male,1.0,76500.0,14.50822858432718,121.00245241764355,2025-10-20 05:59:00,5 AM,October,False,High
MMTI-2025-0576,Valenzuela,Taft Ave,Truck,Side-swipe,Unknown,Storm,Slippery,Unknown,19,Female,3.0,31500.0,14.55312497562968,120.91517768853768,2025-06-22 13:28:00,1 PM,June,True,High
MMTI-2025-0577,Manila,España Blvd,Jeepney,Collision,Fatal,Rain,Dry,Distracted Driving,22,Male,0.0,71500.0,14.540061319371697,120.93932926457391,2025-02-12 09:53:00,9 AM,February,False,High
MMTI-2025-0578,Mandaluyong,Quezon Ave,UV Express,Pedestrian,Major,Rain,Unknown,Reckless Driving,18,Male,2.0,46000.0,14.65662565081841,120.98076222828898,2025-06-18 08:19:00,8 AM,June,False,High
MMTI-2025-0579,Manila,Aurora Blvd,UV Express,Pedestrian,Major,Cloudy,Wet,Mechanical Failure,64,Female,3.0,31500.0,14.603165070097154,121.05719492964838,2025-07-27 18:48:00,6 PM,July,True,High
MMTI-2025-0580,Valenzuela,Ortigas Ave,Taxi,Collision,Fatal,Rain,Unknown,Unknown,31,Female,3.0,73000.0,14.50602081473872,120.92779004510868,2025-08-28 23:52:00,11 PM,August,False,High
MMTI-2025-0581,Manila,Aurora Blvd,Taxi,Side-swipe,Fatal,Rain,Unknown,Unknown,61,Female,0.0,70500.0,14.559927441665648,121.017391017114,2025-03-07 09:47:00,9 AM,March,False,High
MMTI-2025-0582,Pasig,Commonwealth Ave,Bus,Pedestrian,Unknown,Clear,Unknown,Unknown,42,Female,3.0,10000.0,14.606898116151145,120.93766773562844,2025-10-18 01:59:00,1 AM,October,True,High
MMTI-2025-0583,Valenzuela,Roxas Blvd,Motorcycle,Rear-end,Minor,Rain,Unknown,Drunk Driving,20,Female,0.0,25500.0,14.539799746974545,121.0822690620467,2025-02-25 10:36:00,10 AM,February,False,High
MMTI-2025-0584,Caloocan,Roxas Blvd,UV Express,Pedestrian,Minor,Cloudy,Dry,Traffic Violation,51,Male,1.0,43500.0,14.671941469475348,120.98217224686012,2025-07-17 09:13:00,9 AM,July,False,High
MMTI-2025-0585,Quezon City,Taft Ave,Truck,Collision,Unknown,Rain,Wet,Mechanical Failure,37,Female,0.0,87000.0,14.5949560048562,121.02074188973768,2025-03-22 03:08:00,3 AM,March,True,High
MMTI-2025-0586,Manila,Aurora Blvd,Bus,Rear-end,Minor,Rain,Unknown,Distracted Driving,,Female,4.0,33500.0,14.605171300960915,121.08206050778811,2025-06-08 18:12:00,6 PM,June,True,High
MMTI-2025-0587,Makati,EDSA,UV Express,Collision,Fatal,Rain,Unknown,Traffic Violation,62,Male,3.0,80000.0,14.664685921087838,121.06996877815594,2025-09-09 14:29:00,2 PM,September,False,High
MMTI-2025-0588,Pasig,Taft Ave,Truck,Hit and Run,Major,Rain,Unknown,Distracted Driving,43,Male,1.0,22000.0,14.554755255404944,121.02561664065382,2025-08-01 07:11:00,7 AM,August,False,High
MMTI-2025-0589,Makati,Quezon Ave,Truck,Hit and Run,Unknown,Clear,Slippery,Distracted Driving,66,Male,4.0,,14.655902128407378,120.98201921351394,2025-05-30 21:58:00,9 PM,May,False,
MMTI-2025-0590,Manila,EDSA,Truck,Collision,Minor,Rain,Unknown,Unknown,39,Female,1.0,52500.0,14.507554931954648,120.9501211466114,2025-03-26 08:13:00,8 AM,March,False,High
MMTI-2025-0591,Valenzuela,Aurora Blvd,Truck,Collision,Minor,Clear,Wet,Unknown,26,Female,2.0,22500.0,14.53411781912818,120.90361322553008,2025-12-30 04:20:00,4 AM,December,False,High
MMTI-2025-0592,Taguig,España Blvd,UV Express,Hit and Run,Major,Clear,Dry,Reckless Driving,27,Female,2.0,24500.0,14.543334486655016,120.90688896908269,2025-02-21 05:18:00,5 AM,February,False,High
MMTI-2025-0593,Valenzuela,EDSA,Taxi,Pedestrian,Minor,Cloudy,Slippery,Unknown,21,Male,0.0,,14.575479106258026,120.94034761030797,2025-12-12 17:13:00,5 PM,December,False,
MMTI-2025-0594,Caloocan,Quezon Ave,Motorcycle,Collision,Unknown,Clear,Dry,Traffic Violation,,Female,0.0,87500.0,14.512634297043933,121.09174905103788,2025-05-08 11:58:00,11 AM,May,False,High
MMTI-2025-0595,Pasay,EDSA,Truck,Pedestrian,Minor,Storm,Slippery,Mechanical Failure,57,Female,4.0,52500.0,14.68778464559895,120.92416079227986,2025-02-19 21:10:00,9 PM,February,False,High
MMTI-2025-0596,Marikina,Commonwealth Ave,Motorcycle,Hit and Run,Fatal,Clear,Unknown,Mechanical Failure,47,Female,0.0,86000.0,14.663016978321162,121.02998899910438,2025-04-20 03:22:00,3 AM,April,True,High
MMTI-2025-0597,Parañaque,Taft Ave,Bus,Pedestrian,Unknown,Clear,Unknown,Drunk Driving,34,Male,4.0,43500.0,14.69628317897152,121.03926307318892,2025-07-08 01:04:00,1 AM,July,False,High
MMTI-2025-0598,Marikina,Commonwealth Ave,UV Express,Side-swipe,Unknown,Clear,Slippery,Overspeeding,56,Female,3.0,67000.0,14.628118390950284,120.94648509547623,2025-12-14 22:08:00,10 PM,December,True,High
MMTI-2025-0599,Caloocan,EDSA,Jeepney,Collision,Fatal,Rain,Unknown,Mechanical Failure,57,Male,0.0,19500.0,14.57490472569872,120.95932294607462,2025-10-28 22:00:00,10 PM,October,False,High
MMTI-2025-0600,Quezon City,Quezon Ave,UV Express,Pedestrian,Unknown,Rain,Slippery,Drunk Driving,35,Male,0.0,99000.0,14.507921495319714,121.05835595425602,2025-03-19 12:13:00,12 PM,March,False,High
MMTI-2025-0601,San Juan,EDSA,Car,Side-swipe,Fatal,Rain,Wet,Overspeeding,60,Female,0.0,91000.0,14.643900443944997,121.02161263953552,2025-08-01 20:52:00,8 PM,August,False,High
MMTI-2025-0602,Pasay,Aurora Blvd,UV Express,Collision,Minor,Cloudy,Dry,Mechanical Failure,21,Female,1.0,18000.0,14.5183518784846,121.01852613024242,2025-07-15 16:20:00,4 PM,July,False,High
MMTI-2025-0603,Makati,Taft Ave,UV Express,Hit and Run,Fatal,Rain,Wet,Mechanical Failure,45,Female,4.0,33500.0,14.560620141454567,121.01528436608356,2025-04-15 07:32:00,7 AM,April,False,High
MMTI-2025-0604,Pateros,C5,Bus,Hit and Run,Unknown,Rain,Unknown,Unknown,45,Female,1.0,63500.0,14.503962215426458,120.9762838623336,2025-11-22 06:17:00,6 AM,November,True,High
MMTI-2025-0605,Quezon City,Commonwealth Ave,Jeepney,Rear-end,Fatal,Cloudy,Unknown,Reckless Driving,47,Male,3.0,73500.0,14.621205071331328,120.91438792993613,2025-02-12 09:38:00,9 AM,February,False,High
MMTI-2025-0606,Parañaque,Commonwealth Ave,Car,Collision,Minor,Clear,Slippery,Unknown,43,Female,3.0,97000.0,14.574628979539929,120.99791022286983,2025-03-11 22:30:00,10 PM,March,False,High
MMTI-2025-0607,Malabon,EDSA,Motorcycle,Hit and Run,Unknown,Rain,Wet,Unknown,34,Male,4.0,92500.0,14.59772436862436,121.0376978790286,2025-11-25 18:04:00,6 PM,November,False,High
MMTI-2025-0608,Navotas,Taft Ave,UV Express,Rear-end,Major,Cloudy,Dry,Traffic Violation,58,Male,0.0,87000.0,14.629066707414216,120.95226613969422,2025-12-23 01:41:00,1 AM,December,False,High
MMTI-2025-0609,Mandaluyong,Quezon Ave,Jeepney,Pedestrian,Major,Clear,Dry,Distracted Driving,59,Female,3.0,92000.0,14.617232085725885,121.08019912999922,2025-08-22 21:09:00,9 PM,August,False,High
MMTI-2025-0610,Malabon,Commonwealth Ave,Taxi,Hit and Run,Fatal,Rain,Slippery,Unknown,55,Male,0.0,54500.0,14.650492450410724,121.08486411828945,2025-09-23 06:56:00,6 AM,September,False,High
MMTI-2025-0611,Makati,Ortigas Ave,Taxi,Rear-end,Fatal,Rain,Wet,Unknown,62,Male,0.0,23500.0,14.663277875619714,120.90031571551692,2025-02-15 03:40:00,3 AM,February,True,High
MMTI-2025-0612,Manila,Taft Ave,UV Express,Side-swipe,Unknown,Rain,Wet,Traffic Violation,29,Female,1.0,64000.0,14.536396866295656,121.08969666229224,2025-02-05 22:26:00,10 PM,February,False,High
MMTI-2025-0613,Parañaque,Commonwealth Ave,Car,Collision,Major,Rain,Slippery,Unknown,46,Male,0.0,23000.0,14.515961960394868,120.9171414127614,2025-08-19 18:52:00,6 PM,August,False,High
MMTI-2025-0614,Marikina,EDSA,Jeepney,Rear-end,Unknown,Cloudy,Dry,Overspeeding,21,Male,0.0,87000.0,14.61648908971132,121.09752376681844,2025-03-05 08:04:00,8 AM,March,False,High
MMTI-2025-0615,Manila,Taft Ave,Jeepney,Pedestrian,Fatal,Cloudy,Unknown,Traffic Violation,56,Female,2.0,49000.0,14.636371999815331,120.96861549019732,2025-02-19 06:33:00,6 AM,February,False,High
MMTI-2025-0616,Navotas,Taft Ave,Jeepney,Collision,Fatal,Storm,Dry,Overspeeding,47,Female,0.0,19500.0,14.505136085453492,120.92457890789063,2025-06-11 07:23:00,7 AM,June,False,High
MMTI-2025-0617,Caloocan,Ortigas Ave,Truck,Pedestrian,Unknown,Clear,Unknown,Mechanical Failure,18,Male,0.0,83000.0,14.57204112242674,120.90915085668804,2025-09-29 08:44:00,8 AM,September,False,High
MMTI-2025-0618,Caloocan,Katipunan Ave,Truck,Hit and Run,Unknown,Clear,Slippery,Unknown,48,Male,0.0,51000.0,14.558772594641407,120.93901539103976,2025-06-16 21:28:00,9 PM,June,False,High
MMTI-2025-0619,Makati,España Blvd,Motorcycle,Rear-end,Unknown,Clear,Slippery,Unknown,28,Female,0.0,63500.0,14.632528422088429,120.9481803227117,2025-03-15 16:56:00,4 PM,March,True,High
MMTI-2025-0620,Makati,C5,Truck,Collision,Major,Storm,Unknown,Reckless Driving,32,Male,0.0,62500.0,14.690300775911677,121.034120254402,2025-04-19 05:48:00,5 AM,April,True,High
MMTI-2025-0621,Quezon City,Aurora Blvd,Motorcycle,Side-swipe,Major,Clear,Unknown,Distracted Driving,59,Male,3.0,93500.0,14.648593563938144,121.04500561711438,2025-12-07 04:59:00,4 AM,December,True,High
MMTI-2025-0622,Quezon City,Taft Ave,Taxi,Rear-end,Major,Storm,Dry,Reckless Driving,23,Male,0.0,45500.0,14.648116243768037,121.08744213013075,2025-12-01 20:50:00,8 PM,December,False,High
MMTI-2025-0623,Pasig,Ortigas Ave,Truck,Pedestrian,Minor,Storm,Dry,Mechanical Failure,42,Female,2.0,,14.573004768487094,121.03586043407608,2025-03-01 18:23:00,6 PM,March,True,
MMTI-2025-0624,Pasig,Katipunan Ave,Car,Collision,Unknown,Clear,Unknown,Unknown,38,Female,2.0,30000.0,14.59996653300521,120.9911569061092,2025-03-06 16:42:00,4 PM,March,False,High
MMTI-2025-0625,Quezon City,Katipunan Ave,Bus,Side-swipe,Unknown,Rain,Dry,Reckless Driving,63,Female,0.0,29500.0,14.599005105035744,121.04082809532656,2025-11-04 09:09:00,9 AM,November,False,High