incident_id,city,road_name,vehicle_type,accident_type,severity,weather_condition,road_condition,cause,driver_age,driver_gender,injury_count,damage_cost_php,latitude,longitude,datetime,hour,day_of_week,is_weekend,cost_category
MMTI-2025-0626,Marikina,Commonwealth Ave,Taxi,Rear-end,Major,Rain,Dry,Drunk Driving,49,Female,2.0,86000.0,14.682475274575529,120.93183864502768,2025-07-12 01:51:00,1 AM,July,True,High
MMTI-2025-0627,Marikina,Taft Ave,UV Express,Hit and Run,Fatal,Cloudy,Unknown,Distracted Driving,51,Male,2.0,91000.0,14.684612757258254,121.04022173413075,2025-01-12 17:25:00,5 PM,January,True,High
MMTI-2025-0628,Pasig,Ortigas Ave,Taxi,Pedestrian,Minor,Rain,Slippery,Unknown,59,Female,4.0,19500.0,14.588376748108798,120.99648834361298,2025-10-08 12:06:00,12 PM,October,False,High
MMTI-2025-0629,Parañaque,EDSA,Bus,Pedestrian,Minor,Rain,Wet,Unknown,45,Female,0.0,14000.0,14.57111677076542,120.99477515098398,2025-03-16 06:13:00,6 AM,March,True,High
MMTI-2025-0630,Marikina,Katipunan Ave,Truck,Rear-end,Unknown,Rain,Dry,Distracted Driving,33,Female,3.0,40500.0,14.637596821183198,121.09091107274963,2025-01-27 03:32:00,3 AM,January,False,High
MMTI-2025-0631,Makati,Aurora Blvd,Taxi,Hit and Run,Fatal,Rain,Unknown,Traffic Violation,18,Male,0.0,12500.0,14.52441031260672,121.02828186552048,2025-12-01 23:24:00,11 PM,December,False,High
MMTI-2025-0632,Makati,Katipunan Ave,Jeepney,Hit and Run,Fatal,Rain,Dry,Drunk Driving,42,Female,0.0,91500.0,14.586731295732204,121.0142846198756,2025-09-18 07:01:00,7 AM,September,False,High
MMTI-2025-0633,Quezon City,Commonwealth Ave,Truck,Collision,Unknown,Clear,Unknown,Unknown,22,Male,1.0,86000.0,14.679520459647962,120.93613283464612,2025-02-20 10:04:00,10 AM,February,False,High
MMTI-2025-0634,Manila,España Blvd,Truck,Side-swipe,Minor,Clear,Wet,Mechanical Failure,59,Female,0.0,73500.0,14.551352096872703,121.0506137460992,2025-11-03 22:11:00,10 PM,November,False,High
MMTI-2025-0635,San Juan,Ortigas Ave,Jeepney,Rear-end,Unknown,Rain,Dry,Mechanical Failure,37,Male,4.0,39500.0,14.631831515631232,120.98898405751564,2025-02-13 03:32:00,3 AM,February,False,High
MMTI-2025-0636,Marikina,España Blvd,Bus,Pedestrian,Unknown,Clear,Wet,Distracted Driving,60,Male,1.0,6500.0,14.537614730211596,120.95994184591784,2025-10-23 15:44:00,3 PM,October,False,Medium
MMTI-2025-0637,Quezon City,Quezon Ave,Jeepney,Side-swipe,Fatal,Rain,Unknown,Unknown,22,Male,2.0,50500.0,14.629953788077325,120.93266387492427,2025-04-21 04:38:00,4 AM,April,False,High
MMTI-2025-0638,Malabon,Commonwealth Ave,Jeepney,Rear-end,Minor,Rain,Slippery,Mechanical Failure,63,Male,4.0,86000.0,14.629554222256704,121.00228548885129,2025-08-22 02:16:00,2 AM,August,False,High
MMTI-2025-0639,Pasig,Ortigas Ave,Taxi,Hit and Run,Unknown,Clear,Unknown,Mechanical Failure,22,Male,0.0,70000.0,14.52199802649614,121.00967375696716,2025-03-25 13:52:00,1 PM,March,False,High
MMTI-2025-0640,Makati,Ortigas Ave,Bus,Side-swipe,Major,Rain,Slippery,Overspeeding,24,Female,1.0,50000.0,14.690356572128836,121.0565467237318,2025-02-03 10:40:00,10 AM,February,False,High
MMTI-2025-0641,San Juan,Katipunan Ave,Taxi,Hit and Run,Minor,Clear,Slippery,Reckless Driving,53,Male,4.0,14500.0,14.679314048659746,120.93414948332013,2025-03-05 05:33:00,5 AM,March,False,High
MMTI-2025-0642,Quezon City,España Blvd,Jeepney,Hit and Run,Unknown,Clear,Wet,Reckless Driving,18,Female,0.0,18000.0,14.528534028498532,121.01351215501938,2025-07-19 05:22:00,5 AM,July,True,High
MMTI-2025-0643,Las Piñas,Quezon Ave,UV Express,Pedestrian,Unknown,Rain,Unknown,Drunk Driving,46,Male,3.0,66000.0,14.557363932245703,121.09052326444947,2025-05-17 01:58:00,1 AM,May,True,High
MMTI-2025-0644,Caloocan,Roxas Blvd,UV Express,Collision,Fatal,Cloudy,Slippery,Distracted Driving,58,Male,0.0,95000.0,14.548007348097665,120.91872672165202,2025-09-24 22:56:00,10 PM,September,False,High
MMTI-2025-0645,San Juan,España Blvd,Truck,Collision,Unknown,Rain,Unknown,Drunk Driving,48,Female,4.0,89500.0,14.699590885157546,121.07761610676708,2025-10-22 01:05:00,1 AM,October,False,High
MMTI-2025-0646,Manila,Katipunan Ave,Car,Collision,Unknown,Rain,Unknown,Traffic Violation,33,Male,4.0,59000.0,14.69292947675069,121.03490443368284,2025-12-24 03:25:00,3 AM,December,False,High
MMTI-2025-0647,Makati,Ortigas Ave,Taxi,Rear-end,Unknown,Storm,Dry,Unknown,49,Female,1.0,49500.0,14.693945680727412,120.96759171920128,2025-09-26 07:11:00,7 AM,September,False,High
MMTI-2025-0648,Quezon City,C5,Bus,Side-swipe,Unknown,Storm,Slippery,Mechanical Failure,18,Female,1.0,41000.0,14.685821801324357,121.09182698822464,2025-12-14 07:53:00,7 AM,December,True,High
MMTI-2025-0649,Valenzuela,Katipunan Ave,Taxi,Hit and Run,Minor,Storm,Dry,Unknown,39,Male,2.0,15500.0,14.501030882224024,121.07803925532464,2025-09-21 01:59:00,1 AM,September,True,High
MMTI-2025-0650,Manila,C5,Truck,Hit and Run,Major,Clear,Unknown,Drunk Driving,44,Male,3.0,2500.0,14.531126080109846,121.03132668919882,2025-04-06 12:22:00,12 PM,April,True,Low
MMTI-2025-0651,Las Piñas,Roxas Blvd,Bus,Hit and Run,Major,Clear,Slippery,Distracted Driving,46,Female,1.0,19500.0,14.570747555415467,120.98679203093918,2025-04-26 15:25:00,3 PM,April,True,High
MMTI-2025-0652,Taguig,Quezon Ave,Bus,Collision,Major,Cloudy,Unknown,Traffic Violation,20,Female,0.0,27000.0,14.689675167917157,121.09193977067656,2025-07-03 22:12:00,10 PM,July,False,High
MMTI-2025-0653,Pateros,España Blvd,Truck,Rear-end,Fatal,Cloudy,Unknown,Unknown,26,Male,0.0,4500.0,14.525224715703043,120.96882411018017,2025-05-17 03:26:00,3 AM,May,True,Medium
MMTI-2025-0654,Quezon City,Ortigas Ave,Truck,Pedestrian,Minor,Cloudy,Unknown,Reckless Driving,36,Female,0.0,99000.0,14.58579038716517,121.02352263205124,2025-01-07 21:15:00,9 PM,January,False,High
MMTI-2025-0655,Mandaluyong,C5,Taxi,Side-swipe,Major,Rain,Unknown,Mechanical Failure,48,Male,0.0,95000.0,14.600466788725704,120.93623764990072,2025-09-19 05:15:00,5 AM,September,False,High
MMTI-2025-0656,Pasig,Quezon Ave,Motorcycle,Rear-end,Unknown,Clear,Slippery,Mechanical Failure,27,Female,0.0,80500.0,14.539928698675238,121.07287002213442,2025-10-30 20:40:00,8 PM,October,False,High
MMTI-2025-0657,San Juan,Quezon Ave,Car,Side-swipe,Unknown,Cloudy,Dry,Unknown,59,Male,2.0,16000.0,14.553849217837415,120.95611118814796,2025-07-14 13:33:00,1 PM,July,False,High
MMTI-2025-0658,Caloocan,Ortigas Ave,Motorcycle,Rear-end,Minor,Clear,Dry,Traffic Violation,31,Male,3.0,37500.0,14.681696394989672,120.92015233998136,2025-06-29 22:26:00,10 PM,June,True,High
MMTI-2025-0659,Las Piñas,Ortigas Ave,Bus,Collision,Minor,Rain,Dry,Drunk Driving,39,Male,0.0,48000.0,14.648586403993976,121.01778221507202,2025-04-05 08:31:00,8 AM,April,True,High
MMTI-2025-0660,Mandaluyong,Quezon Ave,Jeepney,Hit and Run,Minor,Clear,Wet,Distracted Driving,20,Female,1.0,92000.0,14.589153960236162,120.91972748201324,2025-11-06 11:15:00,11 AM,November,False,High
MMTI-2025-0661,San Juan,Aurora Blvd,Taxi,Rear-end,Unknown,Rain,Wet,Overspeeding,26,Female,3.0,72000.0,14.642320625860282,121.07831733059449,2025-10-07 19:21:00,7 PM,October,False,High
MMTI-2025-0662,Las Piñas,Aurora Blvd,UV Express,Collision,Unknown,Clear,Unknown,Unknown,51,Male,1.0,78500.0,14.55482972815142,121.093497388257,2025-10-14 11:57:00,11 AM,October,False,High
MMTI-2025-0663,Quezon City,Quezon Ave,UV Express,Hit and Run,Unknown,Rain,Unknown,Distracted Driving,28,Female,4.0,51000.0,14.612499718039292,120.97804938018449,2025-05-29 01:36:00,1 AM,May,False,High
MMTI-2025-0664,Pasay,EDSA,Car,Pedestrian,Major,Clear,Dry,Unknown,50,Male,2.0,30000.0,14.55927273736634,120.95370293043877,2025-11-07 08:13:00,8 AM,November,False,High
MMTI-2025-0665,Quezon City,España Blvd,Car,Side-swipe,Minor,Rain,Wet,Reckless Driving,26,Male,0.0,84000.0,14.696004732324194,121.09790725383672,2025-03-02 05:14:00,5 AM,March,True,High
MMTI-2025-0666,Manila,Ortigas Ave,UV Express,Pedestrian,Fatal,Storm,Dry,Reckless Driving,64,Female,3.0,80000.0,14.558979067690126,121.09705225684831,2025-04-18 17:07:00,5 PM,April,False,High
MMTI-2025-0667,Las Piñas,Quezon Ave,UV Express,Side-swipe,Major,Storm,Dry,Distracted Driving,64,Female,0.0,34500.0,14.674005157688605,121.02686110824996,2025-11-17 00:52:00,12 AM,November,False,High
MMTI-2025-0668,Valenzuela,Quezon Ave,Bus,Side-swipe,Major,Clear,Unknown,Drunk Driving,46,Female,0.0,94500.0,14.586780712557792,120.92966683790412,2025-10-10 06:52:00,6 AM,October,False,High
MMTI-2025-0669,Pasay,Aurora Blvd,Car,Rear-end,Major,Clear,Unknown,Drunk Driving,59,Male,0.0,41500.0,14.532583729751783,120.93554685386644,2025-09-03 02:31:00,2 AM,September,False,High
MMTI-2025-0670,Parañaque,C5,Car,Collision,Unknown,Rain,Unknown,Unknown,24,Female,0.0,98000.0,14.661598545330447,121.02065870329696,2025-07-21 21:38:00,9 PM,July,False,High
MMTI-2025-0671,Taguig,EDSA,Taxi,Collision,Major,Rain,Dry,Reckless Driving,27,Male,0.0,15500.0,14.608474033677776,121.0636510719931,2025-07-13 12:01:00,12 PM,July,True,High
MMTI-2025-0672,Pasig,Aurora Blvd,Taxi,Pedestrian,Unknown,Rain,Slippery,Traffic Violation,48,Female,1.0,9000.0,14.608705287712874,120.9534913281016,2025-12-29 02:12:00,2 AM,December,False,High
MMTI-2025-0673,Quezon City,C5,Jeepney,Side-swipe,Minor,Clear,Unknown,Drunk Driving,18,Female,0.0,31000.0,14.585427086629544,120.9294753020306,2025-10-06 03:01:00,3 AM,October,False,High
MMTI-2025-0674,Navotas,C5,Truck,Rear-end,Minor,Rain,Dry,Reckless Driving,40,Male,4.0,44500.0,14.523670194090148,121.08466392148242,2025-12-02 09:14:00,9 AM,December,False,High
MMTI-2025-0675,Pasig,Commonwealth Ave,Truck,Pedestrian,Fatal,Clear,Wet,Unknown,27,Male,4.0,38500.0,14.569677136652771,120.92078451256616,2025-02-13 01:38:00,1 AM,February,False,High
MMTI-2025-0676,Mandaluyong,C5,Taxi,Collision,Major,Rain,Wet,Traffic Violation,27,Female,3.0,94000.0,14.659370147862354,121.0952678493834,2025-09-13 21:23:00,9 PM,September,True,High
MMTI-2025-0677,Malabon,Roxas Blvd,Car,Collision,Fatal,Rain,Wet,Unknown,40,Male,3.0,56000.0,14.59625771000001,121.09456977309875,2025-02-04 03:36:00,3 AM,February,False,High
MMTI-2025-0678,Pasig,Quezon Ave,Truck,Hit and Run,Unknown,Cloudy,Unknown,Unknown,52,Female,3.0,12500.0,14.616192787460864,120.98436815221152,2025-11-05 20:21:00,8 PM,November,False,High
MMTI-2025-0679,Caloocan,C5,Car,Side-swipe,Minor,Rain,Dry,Traffic Violation,53,Female,1.0,16000.0,14.511915477978231,120.96986950689684,2025-10-23 22:51:00,10 PM,October,False,High
MMTI-2025-0680,Pasig,España Blvd,Truck,Rear-end,Major,Rain,Dry,Drunk Driving,25,Female,3.0,95500.0,14.50526937648076,121.09298263851512,2025-03-13 09:29:00,9 AM,March,False,High
MMTI-2025-0681,Taguig,Katipunan Ave,Motorcycle,Hit and Run,Unknown,Rain,Dry,Drunk Driving,41,Female,0.0,33000.0,14.515413059312817,121.01383663092712,2025-07-10 01:44:00,1 AM,July,False,High
MMTI-2025-0682,Pasay,Aurora Blvd,UV Express,Rear-end,Unknown,Rain,Slippery,Unknown,44,Male,3.0,84500.0,14.639049404879229,120.95735381411204,2025-08-02 04:48:00,4 AM,August,True,High
MMTI-2025-0683,Quezon City,Katipunan Ave,Taxi,Rear-end,Unknown,Rain,Dry,Unknown,45,Female,4.0,93000.0,14.665903646138393,121.08383004601608,2025-03-21 01:56:00,1 AM,March,False,High
MMTI-2025-0684,Caloocan,Taft Ave,Car,Side-swipe,Minor,Clear,Unknown,Drunk Driving,65,Female,3.0,81000.0,14.51119936439232,120.97845819172814,2025-09-14 09:45:00,9 AM,September,True,High
MMTI-2025-0685,Makati,Aurora Blvd,Truck,Side-swipe,Unknown,Cloudy,Wet,Overspeeding,69,Male,0.0,56000.0,14.53894611786294,120.92168017641366,2025-10-14 19:53:00,7 PM,October,False,High
MMTI-2025-0686,Marikina,EDSA,Car,Side-swipe,Major,Clear,Dry,Distracted Driving,31,Male,2.0,26000.0,14.610338275435158,121.02767779220522,2025-02-09 11:38:00,11 AM,February,True,High
MMTI-2025-0687,Makati,Katipunan Ave,Jeepney,Collision,Unknown,Cloudy,Dry,Overspeeding,38,Male,2.0,3000.0,14.696108325357212,121.05033588600516,2025-01-17 07:17:00,7 AM,January,False,Low
MMTI-2025-0688,Marikina,Taft Ave,UV Express,Side-swipe,Major,Rain,Dry,Traffic Violation,44,Male,4.0,21000.0,14.50473706213709,121.05921385941224,2025-07-23 16:12:00,4 PM,July,False,High
MMTI-2025-0689,Quezon City,Roxas Blvd,Car,Rear-end,Unknown,Clear,Dry,Mechanical Failure,31,Female,0.0,22500.0,14.69868332589219,121.00032398330616,2025-09-02 18:55:00,6 PM,September,False,High
MMTI-2025-0690,Marikina,Aurora Blvd,Taxi,Rear-end,Fatal,Storm,Slippery,Unknown,20,Female,1.0,28500.0,14.699401899591663,121.02137540888042,2025-11-08 20:33:00,8 PM,November,True,High
MMTI-2025-0691,Pateros,C5,Taxi,Collision,Major,Storm,Unknown,Distracted Driving,49,Male,3.0,42000.0,14.533943527838671,120.95912163579683,2025-03-20 18:40:00,6 PM,March,False,High
MMTI-2025-0692,Las Piñas,Ortigas Ave,Motorcycle,Collision,Major,Rain,Unknown,Reckless Driving,48,Male,3.0,85000.0,14.684832154423663,121.08796589393016,2025-02-04 08:36:00,8 AM,February,False,High
MMTI-2025-0693,Las Piñas,Roxas Blvd,Truck,Hit and Run,Unknown,Rain,Wet,Unknown,41,Male,2.0,12500.0,14.636440179367654,121.00118848599509,2025-10-19 15:02:00,3 PM,October,True,High
MMTI-2025-0694,Pasig,EDSA,UV Express,Rear-end,Unknown,Clear,Wet,Distracted Driving,36,Female,1.0,74500.0,14.579856084069355,120.91459573540548,2025-05-15 21:02:00,9 PM,May,False,High
MMTI-2025-0695,Makati,Ortigas Ave,Truck,Hit and Run,Unknown,Cloudy,Dry,Distracted Driving,29,Male,3.0,,14.586622879206343,120.98030409414876,2025-07-18 14:42:00,2 PM,July,False,
MMTI-2025-0696,Pasig,Aurora Blvd,Car,Hit and Run,Minor,Storm,Unknown,Overspeeding,52,Female,3.0,20500.0,14.628043276389644,120.96403732384476,2025-02-03 10:21:00,10 AM,February,False,High
MMTI-2025-0697,Navotas,EDSA,Taxi,Side-swipe,Unknown,Cloudy,Wet,Overspeeding,31,Male,0.0,56000.0,14.55396962203394,121.02713745858684,2025-01-17 19:49:00,7 PM,January,False,High
MMTI-2025-0698,Mandaluyong,Taft Ave,Motorcycle,Side-swipe,Unknown,Cloudy,Unknown,Mechanical Failure,60,Male,1.0,8500.0,14.518488252006406,121.08032834742744,2025-02-12 04:04:00,4 AM,February,False,High
MMTI-2025-0699,Parañaque,Ortigas Ave,Truck,Hit and Run,Unknown,Clear,Wet,Unknown,40,Female,0.0,73500.0,14.65661447479394,121.01942572772288,2025-06-25 09:10:00,9 AM,June,False,High
MMTI-2025-0700,Makati,Katipunan Ave,Car,Side-swipe,Fatal,Clear,Wet,Unknown,27,Female,2.0,16500.0,14.658403363779152,121.0347890621519,2025-02-09 23:42:00,11 PM,February,True,High
MMTI-2025-0701,Manila,Aurora Blvd,Taxi,Rear-end,Unknown,Rain,Unknown,Distracted Driving,20,Female,0.0,26000.0,14.584035221780011,121.0092172455406,2025-05-15 16:46:00,4 PM,May,False,High
MMTI-2025-0702,Parañaque,Ortigas Ave,Car,Rear-end,Unknown,Clear,Slippery,Traffic Violation,19,Male,2.0,66000.0,14.663810303610203,120.92494907036324,2025-03-27 19:24:00,7 PM,March,False,High
MMTI-2025-0703,Malabon,Taft Ave,Bus,Side-swipe,Unknown,Cloudy,Unknown,Traffic Violation,25,Female,3.0,56500.0,14.574624297286414,121.0105507144256,2025-09-13 20:29:00,8 PM,September,True,High
MMTI-2025-0704,Navotas,Roxas Blvd,Taxi,Hit and Run,Fatal,Rain,Unknown,Distracted Driving,23,Male,0.0,85000.0,14.503285298669724,121.0864993503858,2025-03-25 17:27:00,5 PM,March,False,High
MMTI-2025-0705,Pasig,España Blvd,Motorcycle,Hit and Run,Unknown,Clear,Dry,Reckless Driving,44,Female,1.0,60000.0,14.610317582459867,120.92290022104318,2025-02-23 15:47:00,3 PM,February,True,High
MMTI-2025-0706,Valenzuela,Taft Ave,Taxi,Hit and Run,Minor,Storm,Wet,Reckless Driving,35,Male,2.0,55000.0,14.634660162391596,120.90083151146798,2025-08-29 03:22:00,3 AM,August,False,High
MMTI-2025-0707,Manila,Commonwealth Ave,Taxi,Side-swipe,Unknown,Rain,Unknown,Traffic Violation,39,Female,4.0,57000.0,14.548366222613662,121.0946980646124,2025-08-01 01:00:00,1 AM,August,False,High
MMTI-2025-0708,Navotas,EDSA,Taxi,Pedestrian,Unknown,Rain,Unknown,Drunk Driving,43,Male,4.0,22000.0,14.58748031740035,120.91991558478776,2025-04-09 19:41:00,7 PM,April,False,High
MMTI-2025-0709,Makati,Taft Ave,Taxi,Side-swipe,Unknown,Rain,Slippery,Mechanical Failure,23,Male,0.0,57500.0,14.502307624561928,121.05400644629194,2025-03-06 16:07:00,4 PM,March,False,High
MMTI-2025-0710,Quezon City,C5,Jeepney,Hit and Run,Minor,Rain,Wet,Unknown,58,Male,1.0,32500.0,14.630504543927175,120.94435104473968,2025-03-20 00:39:00,12 AM,March,False,High
MMTI-2025-0711,Caloocan,Taft Ave,Taxi,Side-swipe,Minor,Storm,Dry,Drunk Driving,58,Male,0.0,76000.0,14.673387809251874,120.9221863038229,2025-04-10 17:53:00,5 PM,April,False,High
MMTI-2025-0712,Pasig,Roxas Blvd,Bus,Rear-end,Minor,Clear,Unknown,Traffic Violation,31,Female,0.0,64500.0,14.659088291260536,120.98274902563332,2025-11-02 03:06:00,3 AM,November,True,High
MMTI-2025-0713,Parañaque,Taft Ave,Truck,Side-swipe,Unknown,Rain,Wet,Reckless Driving,18,Female,0.0,74500.0,14.626242680261514,121.07096178536334,2025-09-07 20:04:00,8 PM,September,True,High
MMTI-2025-0714,Pateros,Katipunan Ave,Jeepney,Pedestrian,Minor,Rain,Unknown,Reckless Driving,25,Female,4.0,5500.0,14.60719083551025,121.0035989843484,2025-03-02 10:22:00,10 AM,March,True,Medium
MMTI-2025-0715,Las Piñas,C5,Car,Collision,Fatal,Rain,Wet,Distracted Driving,64,Female,2.0,37000.0,14.596314974426088,121.09064587219352,2025-03-20 06:55:00,6 AM,March,False,High
MMTI-2025-0716,San Juan,Aurora Blvd,UV Express,Hit and Run,Unknown,Clear,Unknown,Mechanical Failure,34,Female,1.0,89500.0,14.669207155536585,121.04347922694843,2025-06-28 22:35:00,10 PM,June,True,High
MMTI-2025-0717,Makati,Roxas Blvd,Car,Rear-end,Unknown,Cloudy,Unknown,Unknown,56,Male,2.0,81500.0,14.521511822353744,120.97660916958648,2025-07-21 03:37:00,3 AM,July,False,High
MMTI-2025-0718,Las Piñas,C5,Truck,Rear-end,Minor,Clear,Slippery,Unknown,36,Male,3.0,5500.0,14.522929990559671,121.061808093373,2025-04-13 18:22:00,6 PM,April,True,Medium
MMTI-2025-0719,Caloocan,C5,Car,Side-swipe,Fatal,Rain,Slippery,Distracted Driving,18,Male,0.0,3000.0,14.643360524369582,120.94275448540655,2025-08-08 05:22:00,5 AM,August,False,Low
MMTI-2025-0720,Caloocan,España Blvd,Motorcycle,Hit and Run,Fatal,Clear,Wet,Mechanical Failure,24,Male,0.0,79500.0,14.689254212205649,121.0614852992593,2025-10-18 10:57:00,10 AM,October,True,High
MMTI-2025-0721,Malabon,Taft Ave,Bus,Side-swipe,Major,Rain,Dry,Unknown,49,Male,2.0,55500.0,14.523851804620165,120.99055702115766,2025-12-10 02:36:00,2 AM,December,False,High
MMTI-2025-0722,Navotas,Quezon Ave,Jeepney,Collision,Fatal,Clear,Unknown,Overspeeding,47,Male,1.0,53500.0,14.507401639067872,121.00669340181058,2025-11-04 10:37:00,10 AM,November,False,High
MMTI-2025-0723,Manila,C5,Truck,Collision,Unknown,Rain,Slippery,Reckless Driving,38,Male,3.0,12000.0,14.61129004027637,120.96263493224058,2025-09-28 01:21:00,1 AM,September,True,High
MMTI-2025-0724,San Juan,Aurora Blvd,Truck,Collision,Fatal,Clear,Dry,Overspeeding,32,Male,0.0,19500.0,14.521027138819605,120.96457180807202,2025-11-10 01:25:00,1 AM,November,False,High
MMTI-2025-0725,Caloocan,Commonwealth Ave,Motorcycle,Rear-end,Fatal,Clear,Dry,Overspeeding,34,Male,0.0,8000.0,14.689428972161249,120.91500843504627,2025-12-19 23:27:00,11 PM,December,False,High
MMTI-2025-0726,Navotas,Roxas Blvd,UV Express,Rear-end,Major,Clear,Unknown,Distracted Driving,26,Male,1.0,98000.0,14.61682606024712,121.07003073985254,2025-06-18 22:39:00,10 PM,June,False,High
MMTI-2025-0727,Taguig,España Blvd,Jeepney,Rear-end,Unknown,Cloudy,Unknown,Reckless Driving,38,Female,1.0,13500.0,14.552762406716052,120.95924683766272,2025-07-31 20:28:00,8 PM,July,False,High
MMTI-2025-0728,Caloocan,Quezon Ave,UV Express,Collision,Minor,Cloudy,Dry,Mechanical Failure,18,Female,3.0,51000.0,14.537583485972354,120.92090694359013,2025-02-12 11:35:00,11 AM,February,False,High
MMTI-2025-0729,Manila,España Blvd,Taxi,Side-swipe,Fatal,Rain,Unknown,Drunk Driving,50,Male,1.0,30000.0,14.683339448815053,120.97711514975886,2025-04-17 18:48:00,6 PM,April,False,High
MMTI-2025-0730,Parañaque,Taft Ave,Car,Collision,Fatal,Cloudy,Wet,Reckless Driving,54,Male,1.0,61000.0,14.675239247243365,121.04900519864292,2025-08-20 19:32:00,7 PM,August,False,High
MMTI-2025-0731,Valenzuela,Commonwealth Ave,Bus,Collision,Unknown,Rain,Unknown,Unknown,40,Male,0.0,72000.0,14.516813353232186,120.98629472734342,2025-05-04 00:57:00,12 AM,May,True,High
MMTI-2025-0732,Malabon,España Blvd,Bus,Collision,Unknown,Storm,Slippery,Distracted Driving,21,Female,0.0,56000.0,14.538786325296767,120.9378899267356,2025-03-19 12:32:00,12 PM,March,False,High
MMTI-2025-0733,Manila,Katipunan Ave,Truck,Pedestrian,Unknown,Clear,Dry,Mechanical Failure,25,Female,0.0,8500.0,14.679011692159904,121.01504610071508,2025-04-01 19:17:00,7 PM,April,False,High
MMTI-2025-0734,Taguig,Roxas Blvd,Car,Pedestrian,Unknown,Cloudy,Unknown,Distracted Driving,32,Male,3.0,28000.0,14.534205823817445,120.94071509591885,2025-05-03 02:34:00,2 AM,May,True,High
MMTI-2025-0735,Pasig,Roxas Blvd,UV Express,Collision,Minor,Rain,Unknown,Unknown,65,Male,0.0,32500.0,14.53404651480185,121.03628849695542,2025-11-23 09:45:00,9 AM,November,True,High
MMTI-2025-0736,Valenzuela,Commonwealth Ave,Motorcycle,Hit and Run,Unknown,Storm,Dry,Drunk Driving,34,Male,1.0,88500.0,14.6520521504478,120.90194677501025,2025-03-27 05:21:00,5 AM,March,False,High
MMTI-2025-0737,Manila,Aurora Blvd,Taxi,Rear-end,Unknown,Clear,Dry,Overspeeding,54,Male,1.0,69000.0,14.600629294167913,121.0509984957376,2025-06-30 15:37:00,3 PM,June,False,High
MMTI-2025-0738,Marikina,Aurora Blvd,Truck,Side-swipe,Unknown,Storm,Unknown,Reckless Driving,41,Female,0.0,47000.0,14.560226806566352,120.96674777402188,2025-02-18 03:19:00,3 AM,February,False,High
MMTI-2025-0739,Pasig,Aurora Blvd,Motorcycle,Side-swipe,Unknown,Rain,Dry,Drunk Driving,44,Female,0.0,20000.0,14.571438881006587,120.90618093497211,2025-09-23 21:54:00,9 PM,September,False,High
MMTI-2025-0740,Malabon,Ortigas Ave,Car,Collision,Major,Cloudy,Dry,Reckless Driving,58,Female,4.0,24000.0,14.553061866626631,121.03581327251918,2025-10-23 23:44:00,11 PM,October,False,High
MMTI-2025-0741,Malabon,Roxas Blvd,Bus,Rear-end,Minor,Clear,Unknown,Traffic Violation,57,Male,3.0,60000.0,14.613332486105191,121.05850511311344,2025-06-19 12:37:00,12 PM,June,False,High
MMTI-2025-0742,Manila,Aurora Blvd,UV Express,Rear-end,Unknown,Rain,Wet,Reckless Driving,57,Female,2.0,64000.0,14.55765199074837,121.05995701297331,2025-06-27 09:07:00,9 AM,June,False,High
MMTI-2025-0743,Parañaque,Roxas Blvd,Taxi,Pedestrian,Minor,Clear,Unknown,Reckless Driving,18,Female,2.0,86500.0,14.666822010279658,120.909980409222,2025-01-08 14:02:00,2 PM,January,False,High
MMTI-2025-0744,San Juan,España Blvd,UV Express,Pedestrian,Major,Clear,Slippery,Drunk Driving,64,Female,3.0,76500.0,14.683651967466949,120.9581604051871,2025-03-12 11:56:00,11 AM,March,False,High
MMTI-2025-0745,Las Piñas,Quezon Ave,Taxi,Hit and Run,Unknown,Cloudy,Dry,Reckless Driving,37,Male,1.0,74000.0,14.587163254140204,121.0751864810623,2025-01-17 15:59:00,3 PM,January,False,High
MMTI-2025-0746,Parañaque,Roxas Blvd,Car,Hit and Run,Unknown,Rain,Slippery,Reckless Driving,23,Male,4.0,82000.0,14.59223087660347,120.93667443450684,2025-10-24 04:43:00,4 AM,October,False,High
MMTI-2025-0747,Manila,Aurora Blvd,UV Express,Side-swipe,Unknown,Rain,Slippery,Unknown,40,Female,3.0,55500.0,14.692289384320764,120.99225679640126,2025-08-12 03:08:00,3 AM,August,False,High
MMTI-2025-0748,Malabon,C5,Taxi,Rear-end,Unknown,Storm,Wet,Traffic Violation,26,Male,0.0,98500.0,14.66902146844962,120.92518716812572,2025-10-14 00:49:00,12 AM,October,False,High
MMTI-2025-0749,Manila,Aurora Blvd,Taxi,Collision,Minor,Clear,Slippery,Distracted Driving,39,Male,2.0,74000.0,14.596293580071022,120.96626151928947,2025-12-10 00:29:00,12 AM,December,False,High
MMTI-2025-0750,Makati,España Blvd,UV Express,Collision,Major,Clear,Wet,Unknown,26,Female,0.0,83500.0,14.670451139144266,120.9601784417454,2025-02-01 03:47:00,3 AM,February,True,High