incident_id,city,road_name,vehicle_type,accident_type,severity,weather_condition,road_condition,cause,driver_age,driver_gender,injury_count,damage_cost_php,latitude,longitude,datetime,hour,day_of_week,is_weekend,cost_category
MMTI-2025-0751,Manila,Aurora Blvd,Jeepney,Rear-end,Minor,Clear,Dry,Drunk Driving,56,Male,4.0,14000.0,14.549441217190465,120.92072140496036,2025-06-09 23:59:00,11 PM,June,False,High
MMTI-2025-0752,Navotas,EDSA,Motorcycle,Side-swipe,Unknown,Cloudy,Wet,Mechanical Failure,52,Male,4.0,89000.0,14.587825970142058,121.03163186403688,2025-01-13 16:28:00,4 PM,January,False,High
MMTI-2025-0753,Manila,Commonwealth Ave,Car,Rear-end,Major,Clear,Unknown,Mechanical Failure,48,Female,2.0,39000.0,14.633507105857165,121.0918182828855,2025-03-05 13:09:00,1 PM,March,False,High
MMTI-2025-0754,Mandaluyong,Taft Ave,Truck,Collision,Unknown,Cloudy,Unknown,Drunk Driving,19,Male,3.0,17000.0,14.612841816826805,120.90220392879924,2025-09-10 11:42:00,11 AM,September,False,High
MMTI-2025-0755,Pasig,Aurora Blvd,Motorcycle,Side-swipe,Major,Cloudy,Unknown,Reckless Driving,18,Female,2.0,66000.0,14.671167914362284,121.00064112426458,2025-06-05 01:41:00,1 AM,June,False,High
MMTI-2025-0756,Navotas,España Blvd,Motorcycle,Rear-end,Major,Storm,Unknown,Traffic Violation,47,Female,2.0,99500.0,14.631688788984611,121.0846953874736,2025-06-28 22:33:00,10 PM,June,True,High
MMTI-2025-0757,Navotas,Aurora Blvd,Jeepney,Rear-end,Unknown,Rain,Unknown,Reckless Driving,26,Male,4.0,76000.0,14.56961904404237,121.02349500481768,2025-02-04 20:30:00,8 PM,February,False,High
MMTI-2025-0758,Manila,Commonwealth Ave,Car,Collision,Minor,Cloudy,Unknown,Traffic Violation,66,Female,0.0,32000.0,14.521086361854962,121.07615108217897,2025-07-26 02:02:00,2 AM,July,True,High
MMTI-2025-0759,Makati,EDSA,Jeepney,Side-swipe,Minor,Clear,Dry,Unknown,66,Male,4.0,82500.0,14.668135871037036,121.08471016909787,2025-07-16 13:59:00,1 PM,July,False,High
MMTI-2025-0760,Valenzuela,Taft Ave,Car,Pedestrian,Unknown,Rain,Wet,Reckless Driving,49,Female,0.0,38500.0,14.545099307896484,121.04843078130796,2025-06-14 03:44:00,3 AM,June,True,High
MMTI-2025-0761,Parañaque,C5,Jeepney,Collision,Minor,Rain,Dry,Drunk Driving,18,Male,3.0,74500.0,14.609316168523566,120.91439302316417,2025-08-11 16:51:00,4 PM,August,False,High
MMTI-2025-0762,Manila,Aurora Blvd,Car,Rear-end,Unknown,Cloudy,Unknown,Traffic Violation,40,Female,0.0,58000.0,14.58550234977226,120.97522364538013,2025-04-05 21:46:00,9 PM,April,True,High
MMTI-2025-0763,Pasig,España Blvd,Bus,Collision,Minor,Cloudy,Wet,Overspeeding,56,Male,0.0,30500.0,14.664265561015334,120.957979296032,2025-02-06 18:05:00,6 PM,February,False,High
MMTI-2025-0764,Las Piñas,C5,Taxi,Rear-end,Fatal,Clear,Unknown,Mechanical Failure,51,Male,3.0,81000.0,14.511329639771494,121.03950358166072,2025-05-09 12:45:00,12 PM,May,False,High
MMTI-2025-0765,Mandaluyong,EDSA,Motorcycle,Side-swipe,Unknown,Storm,Wet,Traffic Violation,66,Male,1.0,28000.0,14.609417469526472,121.04677453388216,2025-02-26 18:30:00,6 PM,February,False,High
MMTI-2025-0766,Pateros,C5,Taxi,Pedestrian,Unknown,Rain,Dry,Traffic Violation,22,Female,4.0,96500.0,14.622486530139094,120.91611869765448,2025-12-06 01:15:00,1 AM,December,True,High
MMTI-2025-0767,Mandaluyong,EDSA,Motorcycle,Collision,Unknown,Clear,Wet,Traffic Violation,45,Female,2.0,31000.0,14.504288652436802,120.91107130948656,2025-10-10 15:08:00,3 PM,October,False,High
MMTI-2025-0768,Navotas,EDSA,Jeepney,Hit and Run,Minor,Cloudy,Unknown,Drunk Driving,45,Female,4.0,19500.0,14.52311663990908,120.9235985113638,2025-04-11 17:38:00,5 PM,April,False,High
MMTI-2025-0769,Parañaque,Ortigas Ave,Truck,Collision,Major,Rain,Dry,Overspeeding,32,Female,0.0,98000.0,14.677667067658506,121.05863616844448,2025-11-12 11:22:00,11 AM,November,False,High
MMTI-2025-0770,Manila,Quezon Ave,Taxi,Collision,Minor,Clear,Wet,Unknown,29,Male,0.0,42000.0,14.569933492842935,121.0310417903817,2025-10-18 01:51:00,1 AM,October,True,High
MMTI-2025-0771,Pasig,Taft Ave,Truck,Collision,Minor,Clear,Slippery,Mechanical Failure,49,Male,1.0,58500.0,14.64262677178192,121.08828539753992,2025-05-06 09:08:00,9 AM,May,False,High
MMTI-2025-0772,Caloocan,España Blvd,Bus,Side-swipe,Unknown,Clear,Dry,Overspeeding,40,Female,0.0,81500.0,14.597241539179956,120.91568921536738,2025-10-10 09:55:00,9 AM,October,False,High
MMTI-2025-0773,San Juan,España Blvd,Car,Collision,Fatal,Rain,Wet,Overspeeding,33,Female,0.0,99500.0,14.59075259708322,120.92284772697283,2025-03-12 16:14:00,4 PM,March,False,High
MMTI-2025-0774,Mandaluyong,Katipunan Ave,Truck,Side-swipe,Minor,Clear,Slippery,Unknown,49,Male,3.0,51000.0,14.588803947038077,120.9448896902885,2025-09-13 01:17:00,1 AM,September,True,High
MMTI-2025-0775,Malabon,España Blvd,Motorcycle,Side-swipe,Minor,Clear,Slippery,Overspeeding,56,Male,2.0,98000.0,14.618191725338315,121.05145044330858,2025-07-14 05:42:00,5 AM,July,False,High
MMTI-2025-0776,Pasig,Taft Ave,Taxi,Hit and Run,Minor,Clear,Unknown,Unknown,64,Male,4.0,61000.0,14.584767004210654,121.0438440390949,2025-06-24 23:53:00,11 PM,June,False,High
MMTI-2025-0777,Navotas,Aurora Blvd,UV Express,Rear-end,Major,Clear,Slippery,Reckless Driving,23,Female,4.0,39500.0,14.567506470637149,120.97892024075776,2025-09-23 08:10:00,8 AM,September,False,High
MMTI-2025-0778,Mandaluyong,Roxas Blvd,Taxi,Pedestrian,Minor,Clear,Slippery,Traffic Violation,34,Female,3.0,61000.0,14.50345333731161,120.90177414039738,2025-11-12 08:23:00,8 AM,November,False,High
MMTI-2025-0779,Quezon City,Quezon Ave,Truck,Collision,Unknown,Clear,Slippery,Traffic Violation,22,Female,1.0,35000.0,14.6531953659456,120.9552288685136,2025-01-19 11:30:00,11 AM,January,True,High
MMTI-2025-0780,Pasay,Commonwealth Ave,Taxi,Pedestrian,Minor,Rain,Dry,Overspeeding,29,Female,4.0,42500.0,14.508391117384146,121.04347153936024,2025-09-11 04:14:00,4 AM,September,False,High
MMTI-2025-0781,Mandaluyong,EDSA,UV Express,Side-swipe,Unknown,Rain,Dry,Mechanical Failure,40,Male,0.0,66500.0,14.58876253681359,121.00220710348704,2025-02-01 22:16:00,10 PM,February,True,High
MMTI-2025-0782,Makati,Ortigas Ave,Taxi,Hit and Run,Minor,Rain,Unknown,Reckless Driving,27,Male,2.0,79500.0,14.657632892370652,120.96699715700016,2025-05-02 06:20:00,6 AM,May,False,High
MMTI-2025-0783,Pateros,Roxas Blvd,Jeepney,Collision,Major,Storm,Dry,Reckless Driving,27,Male,0.0,79500.0,14.542295929503492,120.96262115316212,2025-07-28 20:23:00,8 PM,July,False,High
MMTI-2025-0784,Las Piñas,Quezon Ave,Truck,Pedestrian,Minor,Rain,Wet,Unknown,66,Male,0.0,30500.0,14.61308047697469,121.09956259366042,2025-09-18 18:45:00,6 PM,September,False,High
MMTI-2025-0785,Malabon,España Blvd,UV Express,Collision,Unknown,Clear,Unknown,Unknown,60,Female,2.0,36000.0,14.53900471901299,121.01504874720136,2025-11-19 17:46:00,5 PM,November,False,High
MMTI-2025-0786,Las Piñas,Quezon Ave,Truck,Side-swipe,Minor,Rain,Wet,Unknown,64,Female,2.0,12000.0,14.570396921873774,121.00112868856854,2025-05-05 10:15:00,10 AM,May,False,High
MMTI-2025-0787,Pasig,Quezon Ave,Truck,Hit and Run,Major,Clear,Wet,Mechanical Failure,67,Female,0.0,76500.0,14.633180530575126,121.02110913285657,2025-07-05 20:30:00,8 PM,July,True,High
MMTI-2025-0788,Taguig,C5,Truck,Hit and Run,Unknown,Rain,Unknown,Unknown,58,Female,1.0,60000.0,14.503102450321274,120.92415776911172,2025-05-27 10:20:00,10 AM,May,False,High
MMTI-2025-0789,Pateros,C5,Car,Collision,Unknown,Clear,Wet,Distracted Driving,26,Female,3.0,47000.0,14.525490597489949,121.03938573979876,2025-05-15 17:45:00,5 PM,May,False,High
MMTI-2025-0790,Taguig,Ortigas Ave,Taxi,Side-swipe,Unknown,Clear,Unknown,Distracted Driving,64,Male,0.0,96500.0,14.684144741825696,121.08998381115332,2025-05-04 22:18:00,10 PM,May,True,High
MMTI-2025-0791,Malabon,Roxas Blvd,Taxi,Hit and Run,Major,Rain,Wet,Distracted Driving,27,Male,4.0,77500.0,14.573974781742551,121.02988095202078,2025-07-29 20:28:00,8 PM,July,False,High
MMTI-2025-0792,Pasay,España Blvd,UV Express,Pedestrian,Fatal,Clear,Wet,Reckless Driving,49,Male,0.0,74000.0,14.603535528327974,121.00503872868394,2025-07-14 10:28:00,10 AM,July,False,High
MMTI-2025-0793,Marikina,Taft Ave,Bus,Rear-end,Major,Clear,Wet,Unknown,51,Male,4.0,80500.0,14.56287347838203,120.969469123013,2025-09-18 13:18:00,1 PM,September,False,High
MMTI-2025-0794,Mandaluyong,Aurora Blvd,Truck,Rear-end,Major,Storm,Slippery,Distracted Driving,32,Male,1.0,14000.0,14.54136862241054,121.06775799916493,2025-03-26 03:18:00,3 AM,March,False,High
MMTI-2025-0795,Quezon City,España Blvd,Jeepney,Rear-end,Minor,Cloudy,Dry,Traffic Violation,31,Male,4.0,56500.0,14.64641788370136,121.00417877901522,2025-03-28 00:38:00,12 AM,March,False,High
MMTI-2025-0796,Taguig,C5,Truck,Hit and Run,Unknown,Storm,Dry,Drunk Driving,35,Male,2.0,12000.0,14.648855507065832,120.94448835511112,2025-08-21 09:58:00,9 AM,August,False,High
MMTI-2025-0797,Manila,Ortigas Ave,Bus,Hit and Run,Unknown,Rain,Dry,Traffic Violation,20,Female,0.0,92000.0,14.658839479865575,120.963505439744,2025-02-08 10:10:00,10 AM,February,True,High
MMTI-2025-0798,Quezon City,EDSA,Car,Rear-end,Unknown,Cloudy,Wet,Mechanical Failure,34,Female,1.0,64000.0,14.662773770372723,121.0467121370088,2025-10-13 21:53:00,9 PM,October,False,High
MMTI-2025-0799,Makati,España Blvd,Taxi,Rear-end,Minor,Cloudy,Dry,Unknown,53,Female,0.0,24500.0,14.50776254597032,121.03759633192878,2025-05-25 04:12:00,4 AM,May,True,High
MMTI-2025-0800,Makati,Quezon Ave,UV Express,Side-swipe,Unknown,Clear,Wet,Reckless Driving,32,Male,0.0,64000.0,14.598044395143903,121.02600549964936,2025-11-11 12:40:00,12 PM,November,False,High
MMTI-2025-0801,Pateros,Roxas Blvd,Motorcycle,Rear-end,Minor,Storm,Unknown,Unknown,38,Female,0.0,56000.0,14.523163835966876,120.99294718646456,2025-11-03 11:34:00,11 AM,November,False,High
MMTI-2025-0802,Las Piñas,Taft Ave,UV Express,Rear-end,Unknown,Cloudy,Unknown,Unknown,61,Female,0.0,39000.0,14.55358477310462,120.94302123470575,2025-06-13 21:07:00,9 PM,June,False,High
MMTI-2025-0803,Marikina,Roxas Blvd,UV Express,Side-swipe,Unknown,Cloudy,Unknown,Unknown,43,Male,0.0,36000.0,14.597101078522485,120.9437896390853,2025-07-29 01:35:00,1 AM,July,False,High
MMTI-2025-0804,Valenzuela,Taft Ave,Car,Pedestrian,Major,Clear,Wet,Distracted Driving,57,Male,1.0,79000.0,14.607953462034343,121.09005571264362,2025-11-22 01:19:00,1 AM,November,True,High
MMTI-2025-0805,Marikina,Ortigas Ave,Taxi,Pedestrian,Minor,Rain,Dry,Mechanical Failure,41,Female,1.0,70500.0,14.579105257778949,121.04356410090529,2025-01-11 12:05:00,12 PM,January,True,High
MMTI-2025-0806,Las Piñas,Ortigas Ave,Truck,Rear-end,Unknown,Rain,Wet,Overspeeding,20,Male,4.0,15000.0,14.600299864110257,121.05826869232192,2025-05-29 05:58:00,5 AM,May,False,High
MMTI-2025-0807,San Juan,EDSA,Car,Rear-end,Minor,Storm,Dry,Unknown,59,Female,1.0,96500.0,14.67532432864606,121.07239673895376,2025-01-22 05:18:00,5 AM,January,False,High
MMTI-2025-0808,Malabon,EDSA,Motorcycle,Pedestrian,Unknown,Rain,Dry,Unknown,30,Male,2.0,56000.0,14.60247112623376,120.90468639031374,2025-02-09 02:32:00,2 AM,February,True,High
MMTI-2025-0809,Taguig,Roxas Blvd,UV Express,Pedestrian,Unknown,Cloudy,Slippery,Unknown,23,Female,3.0,73500.0,14.55571158004306,120.95688459710428,2025-05-21 14:12:00,2 PM,May,False,High
MMTI-2025-0810,Caloocan,Taft Ave,Motorcycle,Hit and Run,Unknown,Storm,Unknown,Distracted Driving,46,Female,4.0,5000.0,14.57946972365857,120.94642310954195,2025-12-26 17:32:00,5 PM,December,False,Medium
MMTI-2025-0811,Taguig,Roxas Blvd,Bus,Rear-end,Minor,Clear,Unknown,Drunk Driving,31,Female,4.0,33500.0,14.51677775553067,120.98063901456668,2025-07-09 15:36:00,3 PM,July,False,High
MMTI-2025-0812,Makati,Quezon Ave,Motorcycle,Hit and Run,Fatal,Cloudy,Slippery,Traffic Violation,27,Male,2.0,90000.0,14.613062472043527,120.98130685667908,2025-08-31 16:46:00,4 PM,August,True,High
MMTI-2025-0813,Parañaque,España Blvd,Taxi,Hit and Run,Unknown,Cloudy,Slippery,Mechanical Failure,38,Female,0.0,63500.0,14.60288622312964,121.07173058202817,2025-01-03 08:44:00,8 AM,January,False,High
MMTI-2025-0814,Makati,Taft Ave,Car,Collision,Major,Clear,Dry,Drunk Driving,30,Female,0.0,6500.0,14.677100566661627,120.99903690542388,2025-02-11 03:27:00,3 AM,February,False,Medium
MMTI-2025-0815,Pasig,España Blvd,Truck,Hit and Run,Minor,Storm,Dry,Unknown,36,Male,4.0,43000.0,14.623020097448745,120.97432636255594,2025-11-17 16:31:00,4 PM,November,False,High
MMTI-2025-0816,San Juan,España Blvd,UV Express,Rear-end,Unknown,Rain,Slippery,Reckless Driving,48,Female,1.0,44000.0,14.68541591874773,121.04402605145602,2025-11-29 05:09:00,5 AM,November,True,High
MMTI-2025-0817,Pateros,EDSA,Bus,Hit and Run,Major,Rain,Unknown,Distracted Driving,18,Male,0.0,26000.0,14.539853527686066,120.91876956900616,2025-03-11 05:33:00,5 AM,March,False,High
MMTI-2025-0818,Quezon City,Katipunan Ave,Truck,Pedestrian,Major,Clear,Slippery,Mechanical Failure,40,Male,1.0,37000.0,14.556837515265874,121.08230214397324,2025-08-23 10:06:00,10 AM,August,True,High
MMTI-2025-0819,San Juan,Ortigas Ave,Jeepney,Hit and Run,Fatal,Clear,Unknown,Mechanical Failure,22,Female,0.0,95500.0,14.543288293898083,120.9356650520309,2025-08-07 18:46:00,6 PM,August,False,High
MMTI-2025-0820,Manila,Katipunan Ave,UV Express,Hit and Run,Fatal,Clear,Unknown,Reckless Driving,69,Female,1.0,23500.0,14.500534157132156,120.94636620728537,2025-10-16 03:08:00,3 AM,October,False,High
MMTI-2025-0821,Pasig,Commonwealth Ave,Car,Rear-end,Unknown,Clear,Slippery,Distracted Driving,21,Female,4.0,58000.0,14.58508114764816,120.99433781553373,2025-04-21 02:59:00,2 AM,April,False,High
MMTI-2025-0822,Taguig,Quezon Ave,Jeepney,Hit and Run,Unknown,Cloudy,Unknown,Traffic Violation,37,Male,4.0,12000.0,14.676657121785553,121.0684382441847,2025-06-04 16:48:00,4 PM,June,False,High
MMTI-2025-0823,Mandaluyong,Commonwealth Ave,Taxi,Hit and Run,Unknown,Cloudy,Unknown,Reckless Driving,61,Male,4.0,57500.0,14.630418424827129,120.93560248170093,2025-03-27 20:53:00,8 PM,March,False,High
MMTI-2025-0824,Las Piñas,Taft Ave,Car,Pedestrian,Unknown,Rain,Unknown,Traffic Violation,29,Male,1.0,58500.0,14.572198275515442,120.93897772134189,2025-07-07 14:49:00,2 PM,July,False,High
MMTI-2025-0825,Taguig,Ortigas Ave,Bus,Pedestrian,Minor,Clear,Slippery,Overspeeding,59,Male,0.0,63000.0,14.579658800428982,121.09914756967947,2025-10-28 09:21:00,9 AM,October,False,High
MMTI-2025-0826,Quezon City,Katipunan Ave,Taxi,Collision,Unknown,Clear,Unknown,Unknown,29,Female,0.0,84500.0,14.650117269971352,121.06148613706812,2025-12-27 08:17:00,8 AM,December,True,High
MMTI-2025-0827,Pasig,Commonwealth Ave,UV Express,Rear-end,Major,Clear,Unknown,Distracted Driving,21,Female,0.0,92500.0,14.512465094498152,120.9194950921206,2025-01-20 11:01:00,11 AM,January,False,High
MMTI-2025-0828,Parañaque,Katipunan Ave,UV Express,Collision,Fatal,Rain,Slippery,Drunk Driving,55,Male,4.0,3500.0,14.688109032309791,120.98063461693582,2025-10-06 08:54:00,8 AM,October,False,Medium
MMTI-2025-0829,Makati,Quezon Ave,Taxi,Pedestrian,Major,Rain,Slippery,Distracted Driving,29,Female,0.0,37000.0,14.621705805061286,121.03774334118586,2025-12-08 21:03:00,9 PM,December,False,High
MMTI-2025-0830,Manila,Roxas Blvd,Bus,Pedestrian,Fatal,Clear,Slippery,Unknown,54,Male,4.0,61000.0,14.517632390731965,121.08360221846486,2025-07-29 05:40:00,5 AM,July,False,High
MMTI-2025-0831,Pasay,Ortigas Ave,Jeepney,Collision,Major,Clear,Wet,Traffic Violation,47,Male,0.0,33500.0,14.56155646419124,121.03617811894765,2025-04-04 23:05:00,11 PM,April,False,High
MMTI-2025-0832,Pasig,Roxas Blvd,Motorcycle,Hit and Run,Fatal,Rain,Slippery,Drunk Driving,54,Male,3.0,30500.0,14.667055052799352,120.95455988479192,2025-04-08 23:48:00,11 PM,April,False,High
MMTI-2025-0833,Mandaluyong,Aurora Blvd,Bus,Collision,Unknown,Storm,Unknown,Traffic Violation,40,Female,0.0,89500.0,14.666346088305822,120.90734621874938,2025-04-13 05:18:00,5 AM,April,True,High
MMTI-2025-0834,Quezon City,Katipunan Ave,Car,Hit and Run,Fatal,Rain,Slippery,Mechanical Failure,39,Male,0.0,67500.0,14.654681799129728,120.95164276990036,2025-10-27 12:09:00,12 PM,October,False,High
MMTI-2025-0835,Taguig,España Blvd,UV Express,Rear-end,Unknown,Rain,Unknown,Traffic Violation,41,Female,0.0,77000.0,14.680254979482068,120.96447440937354,2025-08-28 08:02:00,8 AM,August,False,High
MMTI-2025-0836,Manila,Commonwealth Ave,Truck,Hit and Run,Fatal,Storm,Dry,Drunk Driving,40,Male,1.0,61500.0,14.609355621317269,121.05040903541708,2025-02-23 20:22:00,8 PM,February,True,High
MMTI-2025-0837,Makati,Katipunan Ave,UV Express,Hit and Run,Unknown,Cloudy,Wet,Reckless Driving,64,Male,4.0,45000.0,14.59651151847624,120.98023062095072,2025-08-13 19:29:00,7 PM,August,False,High
MMTI-2025-0838,Manila,C5,Truck,Hit and Run,Fatal,Clear,Unknown,Overspeeding,28,Female,2.0,78000.0,14.693047122206735,121.08856926638498,2025-01-21 07:48:00,7 AM,January,False,High
MMTI-2025-0839,Pasig,Commonwealth Ave,UV Express,Side-swipe,Minor,Clear,Slippery,Drunk Driving,69,Male,3.0,52500.0,14.533068416208904,120.900168641893,2025-04-12 18:48:00,6 PM,April,True,High
MMTI-2025-0840,Pasay,Roxas Blvd,Bus,Collision,Major,Rain,Wet,Unknown,23,Female,1.0,89500.0,14.611069646247728,121.0551217040036,2025-03-17 06:56:00,6 AM,March,False,High
MMTI-2025-0841,Las Piñas,C5,Truck,Pedestrian,Unknown,Rain,Wet,Unknown,60,Female,3.0,92000.0,14.548548401539112,121.08338994696116,2025-01-03 15:10:00,3 PM,January,False,High
MMTI-2025-0842,Pasig,Taft Ave,Taxi,Side-swipe,Fatal,Rain,Unknown,Unknown,52,Male,2.0,64500.0,14.63397533556883,121.09404513327246,2025-07-18 04:20:00,4 AM,July,False,High
MMTI-2025-0843,Pasig,Commonwealth Ave,Taxi,Rear-end,Fatal,Storm,Slippery,Overspeeding,57,Female,0.0,84500.0,14.546014695075272,120.99998993752595,2025-01-14 07:56:00,7 AM,January,False,High
MMTI-2025-0844,Malabon,C5,Bus,Hit and Run,Major,Cloudy,Wet,Reckless Driving,37,Female,0.0,63500.0,14.506965332122176,121.0917025490925,2025-01-23 06:19:00,6 AM,January,False,High
MMTI-2025-0845,Navotas,España Blvd,Taxi,Collision,Unknown,Clear,Slippery,Distracted Driving,59,Female,0.0,22500.0,14.563805155647904,121.01493644193854,2025-08-04 05:10:00,5 AM,August,False,High
MMTI-2025-0846,Manila,Aurora Blvd,UV Express,Hit and Run,Unknown,Clear,Slippery,Unknown,34,Male,4.0,59500.0,14.600412317175904,121.0562007061743,2025-07-16 21:29:00,9 PM,July,False,High
MMTI-2025-0847,Quezon City,Ortigas Ave,Motorcycle,Rear-end,Unknown,Clear,Unknown,Distracted Driving,27,Male,2.0,92500.0,14.618030603614208,120.9395226098819,2025-12-31 10:54:00,10 AM,December,False,High
MMTI-2025-0848,Valenzuela,Taft Ave,Motorcycle,Hit and Run,Fatal,Clear,Dry,Unknown,47,Male,0.0,78500.0,14.637277527703786,120.9504653609182,2025-11-11 23:55:00,11 PM,November,False,High
MMTI-2025-0849,Manila,España Blvd,Bus,Rear-end,Fatal,Storm,Unknown,Overspeeding,46,Male,2.0,83000.0,14.507123015218644,120.92233665638751,2025-06-22 21:18:00,9 PM,June,True,High
MMTI-2025-0850,Navotas,Quezon Ave,Car,Collision,Unknown,Clear,Wet,Drunk Driving,58,Female,3.0,37000.0,14.569077256279964,120.99160617543608,2025-01-19 17:47:00,5 PM,January,True,High
MMTI-2025-0851,Manila,Katipunan Ave,Truck,Collision,Minor,Storm,Slippery,Overspeeding,27,Male,3.0,67500.0,14.69605329740852,120.91575297316578,2025-11-13 07:58:00,7 AM,November,False,High
MMTI-2025-0852,Malabon,Taft Ave,Motorcycle,Rear-end,Fatal,Rain,Dry,Unknown,25,Female,4.0,35000.0,14.69898368165374,121.02311629431551,2025-11-23 23:19:00,11 PM,November,True,High
MMTI-2025-0853,Quezon City,Ortigas Ave,Jeepney,Hit and Run,Major,Cloudy,Slippery,Drunk Driving,35,Male,4.0,53000.0,14.681949281962604,121.03564164978998,2025-10-04 07:44:00,7 AM,October,True,High
MMTI-2025-0854,Parañaque,EDSA,Taxi,Hit and Run,Major,Storm,Slippery,Unknown,56,Male,0.0,30000.0,14.544964954283945,121.04180170196982,2025-05-20 00:26:00,12 AM,May,False,High
MMTI-2025-0855,San Juan,Katipunan Ave,Taxi,Hit and Run,Unknown,Cloudy,Unknown,Traffic Violation,52,Female,3.0,73000.0,14.502513444934712,120.96811919557996,2025-04-24 02:39:00,2 AM,April,False,High
MMTI-2025-0856,Valenzuela,Aurora Blvd,Car,Pedestrian,Major,Rain,Unknown,Reckless Driving,43,Male,0.0,75000.0,14.69354472172053,121.02627681268235,2025-06-27 14:09:00,2 PM,June,False,High
MMTI-2025-0857,Parañaque,España Blvd,Bus,Side-swipe,Fatal,Storm,Unknown,Unknown,19,Female,4.0,76500.0,14.533346861040988,120.97032527560724,2025-10-15 11:05:00,11 AM,October,False,High
MMTI-2025-0858,Manila,Roxas Blvd,Jeepney,Hit and Run,Major,Cloudy,Unknown,Drunk Driving,42,Male,0.0,52500.0,14.543661076145328,121.0984261812428,2025-08-09 13:48:00,1 PM,August,True,High
MMTI-2025-0859,Pasay,Taft Ave,Jeepney,Hit and Run,Fatal,Rain,Unknown,Reckless Driving,38,Male,0.0,15500.0,14.63284691555017,121.03736877584494,2025-10-20 09:11:00,9 AM,October,False,High
MMTI-2025-0860,Manila,España Blvd,Jeepney,Hit and Run,Major,Cloudy,Unknown,Unknown,36,Female,1.0,24500.0,14.580010872018946,120.90066747595768,2025-11-21 20:20:00,8 PM,November,False,High
MMTI-2025-0861,Pasay,C5,Truck,Pedestrian,Unknown,Cloudy,Unknown,Mechanical Failure,58,Male,4.0,30500.0,14.527714408352534,121.02398405895138,2025-06-21 14:41:00,2 PM,June,True,High
MMTI-2025-0862,Malabon,EDSA,Bus,Pedestrian,Major,Rain,Unknown,Unknown,61,Male,2.0,4500.0,14.6485930749794,121.07670249609632,2025-02-11 19:36:00,7 PM,February,False,Medium
MMTI-2025-0863,Manila,Quezon Ave,Taxi,Rear-end,Unknown,Storm,Wet,Drunk Driving,48,Female,2.0,18500.0,14.558596383131762,121.07888913159204,2025-12-01 12:35:00,12 PM,December,False,High
MMTI-2025-0864,Valenzuela,Quezon Ave,UV Express,Pedestrian,Unknown,Rain,Wet,Unknown,50,Male,4.0,44000.0,14.674417091787094,121.08177572512518,2025-04-16 18:29:00,6 PM,April,False,High
MMTI-2025-0865,Makati,EDSA,UV Express,Collision,Unknown,Clear,Unknown,Unknown,22,Female,2.0,93500.0,14.607468289317165,121.04315897044032,2025-05-06 14:46:00,2 PM,May,False,High
MMTI-2025-0866,Manila,Aurora Blvd,Truck,Collision,Fatal,Cloudy,Dry,Traffic Violation,43,Female,3.0,17500.0,14.52072460226116,121.06941407660022,2025-11-07 20:34:00,8 PM,November,False,High
MMTI-2025-0867,Pasay,Ortigas Ave,Truck,Side-swipe,Major,Rain,Unknown,Mechanical Failure,34,Male,2.0,84000.0,14.638743211439357,120.99164840415,2025-10-24 03:46:00,3 AM,October,False,High
MMTI-2025-0868,Caloocan,Roxas Blvd,Bus,Side-swipe,Unknown,Storm,Unknown,Reckless Driving,54,Male,4.0,6500.0,14.65226454755667,120.92960479486254,2025-12-30 15:48:00,3 PM,December,False,Medium
MMTI-2025-0869,Las Piñas,Katipunan Ave,Bus,Side-swipe,Fatal,Rain,Wet,Reckless Driving,48,Female,0.0,39500.0,14.530888257538876,121.06103973045212,2025-05-28 00:14:00,12 AM,May,False,High
MMTI-2025-0870,San Juan,Taft Ave,Bus,Rear-end,Minor,Rain,Unknown,Reckless Driving,27,Male,2.0,48500.0,14.644227873546766,121.04909144769644,2025-03-07 04:38:00,4 AM,March,False,High
MMTI-2025-0871,Pasig,Commonwealth Ave,Bus,Rear-end,Unknown,Clear,Slippery,Traffic Violation,42,Female,0.0,23500.0,14.674156452007944,120.99641049679428,2025-09-22 12:30:00,12 PM,September,False,High
MMTI-2025-0872,Makati,Ortigas Ave,Car,Side-swipe,Major,Rain,Wet,Reckless Driving,56,Male,0.0,27000.0,14.57130029275833,120.9918643423459,2025-09-05 12:00:00,12 PM,September,False,High
MMTI-2025-0873,Manila,Quezon Ave,UV Express,Rear-end,Fatal,Rain,Dry,Unknown,58,Male,2.0,66500.0,14.513439545439889,121.01065689617644,2025-11-23 00:53:00,12 AM,November,True,High
MMTI-2025-0874,Makati,EDSA,Truck,Pedestrian,Unknown,Rain,Wet,Reckless Driving,69,Female,0.0,85000.0,14.671504521735145,120.94566798610931,2025-10-01 23:34:00,11 PM,October,False,High
MMTI-2025-0875,Pasig,Roxas Blvd,Jeepney,Side-swipe,Minor,Rain,Wet,Distracted Driving,26,Male,0.0,28500.0,14.545517249768883,121.01713547820104,2025-08-22 05:02:00,5 AM,August,False,High